episode_id,seat,team,opponent,cohort,margin,shops_at_144,worker_agreement,own_cash_mismatches,opp_cash_mismatches,own_revenue,own_expense,own_feed_without_wheat,own_weed_blocked_work,own_zero_harvest_requests,own_max_cow,own_max_sheep,own_max_goose,own_max_hands,own_max_quadrants,own_max_weeds,own_max_plants_STRAWBERRY,own_max_plants_CARROT,own_final_money,own_final_crop_yield_on_tiles,own_terminal_stock_units,own_sold_WHEAT_units,own_sold_WHEAT_value,own_engine_harvest_WHEAT,own_sold_CARROT_units,own_sold_CARROT_value,own_engine_harvest_CARROT,own_sold_TOMATO_units,own_sold_TOMATO_value,own_engine_harvest_TOMATO,own_sold_STRAWBERRY_units,own_sold_STRAWBERRY_value,own_engine_harvest_STRAWBERRY,own_sold_MELON_units,own_sold_MELON_value,own_engine_harvest_MELON,own_sold_EGG_units,own_sold_EGG_value,own_engine_harvest_EGG,own_sold_MILK_units,own_sold_MILK_value,own_engine_harvest_MILK,own_sold_WOOL_units,own_sold_WOOL_value,own_engine_harvest_WOOL,own_sold_FERTILIZER_units,own_sold_FERTILIZER_value,own_engine_harvest_FERTILIZER,own_cash_day_0,own_cash_day_1,own_cash_day_5,own_cash_day_10,own_cash_day_15,own_cash_day_20,own_cash_day_25,own_cash_day_29,opp_revenue,opp_expense,opp_feed_without_wheat,opp_weed_blocked_work,opp_zero_harvest_requests,opp_max_cow,opp_max_sheep,opp_max_goose,opp_max_hands,opp_max_quadrants,opp_max_weeds,opp_max_plants_STRAWBERRY,opp_max_plants_CARROT,opp_final_money,opp_final_crop_yield_on_tiles,opp_terminal_stock_units,opp_sold_WHEAT_units,opp_sold_WHEAT_value,opp_engine_harvest_WHEAT,opp_sold_CARROT_units,opp_sold_CARROT_value,opp_engine_harvest_CARROT,opp_sold_TOMATO_units,opp_sold_TOMATO_value,opp_engine_harvest_TOMATO,opp_sold_STRAWBERRY_units,opp_sold_STRAWBERRY_value,opp_engine_harvest_STRAWBERRY,opp_sold_MELON_units,opp_sold_MELON_value,opp_engine_harvest_MELON,opp_sold_EGG_units,opp_sold_EGG_value,opp_engine_harvest_EGG,opp_sold_MILK_units,opp_sold_MILK_value,opp_engine_harvest_MILK,opp_sold_WOOL_units,opp_sold_WOOL_value,opp_engine_harvest_WOOL,opp_sold_FERTILIZER_units,opp_sold_FERTILIZER_value,opp_engine_harvest_FERTILIZER,opp_cash_day_0,opp_cash_day_1,opp_cash_day_5,opp_cash_day_10,opp_cash_day_15,opp_cash_day_20,opp_cash_day_25,opp_cash_day_29,own_net_WHEAT,opp_net_WHEAT,own_net_CARROT,opp_net_CARROT,own_net_TOMATO,opp_net_TOMATO,own_net_STRAWBERRY,opp_net_STRAWBERRY,own_net_MELON,opp_net_MELON,own_net_EGG,opp_net_EGG,own_net_MILK,opp_net_MILK,own_net_WOOL,opp_net_WOOL,own_net_FERTILIZER,opp_net_FERTILIZER,own_other_expenses,opp_other_expenses,largest_negative_component,largest_negative_value,cash_decomposition_residual,opponent_structure
108123356,0,Sarthak Sharma ,Sarthak Sharma ,submission_self_play,0.0,"[""BAKERY"", ""PET_CAFE""]",0.9916550764951322,0,0,93552.0,27049.0,0,0,4,8.0,6.0,3.0,11.0,3.0,7.0,33.0,29.0,69503.0,0.0,0.0,292.0,12126.0,517.0,84.0,5878.0,84.0,0,0,0,249.0,29420.0,249.0,72.0,14267.0,72.0,78.0,4448.0,78.0,245.0,7475.0,245.0,161.0,5554.0,161.0,342.0,14384.0,0,26.0,85.0,801.0,13834.0,22606.0,41989.0,53344.0,69503.0,93552.0,27049.0,0,0,4,8.0,6.0,3.0,11.0,3.0,7.0,33.0,29.0,69503.0,0.0,0.0,292.0,12126.0,517.0,84.0,5878.0,84.0,0,0,0,249.0,29420.0,249.0,72.0,14267.0,72.0,78.0,4448.0,78.0,245.0,7475.0,245.0,161.0,5554.0,161.0,342.0,14384.0,0,26.0,85.0,801.0,13834.0,22606.0,41989.0,53344.0,69503.0,7097.0,7097.0,5878.0,5878.0,0,0,29420.0,29420.0,14267.0,14267.0,4448.0,4448.0,7475.0,7475.0,5554.0,5554.0,12604.0,12604.0,20240.0,20240.0,WHEAT_net_receipts,0.0,0.0,mixed/small
108124520,1,Sarthak Sharma ,Sergey Panasenko,submission_win_control,72504.0,"[""ICE_CREAM_SHOP"", ""BRUNCH_SPOT""]",0.0,0,0,181512.0,27844.0,0,0,4,8.0,6.0,3.0,11.0,3.0,7.0,33.0,29.0,156668.0,0.0,0.0,292.0,12071.0,517.0,84.0,3994.0,84.0,0,0,0,249.0,61026.0,249.0,72.0,17440.0,72.0,78.0,4483.0,78.0,245.0,54781.0,245.0,161.0,6829.0,161.0,342.0,20888.0,0,30.0,93.0,827.0,17356.0,38896.0,76031.0,120544.0,156668.0,110955.0,29791.0,0,0,0,7.0,2.0,4.0,16.0,3.0,19.0,34.0,3.0,84164.0,0.0,102.0,259.0,9674.0,398.0,12.0,424.0,16.0,192.0,13637.0,200.0,132.0,32729.0,144.0,108.0,13125.0,108.0,84.0,4801.0,84.0,114.0,25567.0,114.0,36.0,4241.0,36.0,113.0,6757.0,0,226.0,142.0,1431.0,2971.0,16377.0,23085.0,49401.0,84164.0,7180.0,2730.0,3994.0,424.0,0,13637.0,61026.0,32729.0,17440.0,13125.0,4483.0,4801.0,54781.0,25567.0,6829.0,4241.0,18175.0,4988.0,20240.0,21078.0,TOMATO_net_receipts,-13637.0,0.0,mixed/small
108125520,1,Sarthak Sharma ,Dean Johnson,submission_win_control,75979.0,"[""BRUNCH_SPOT"", ""PIZZA_SHOP""]",0.02086230876216968,0,0,140264.0,27772.0,0,0,4,8.0,6.0,3.0,11.0,3.0,7.0,33.0,29.0,115492.0,0.0,0.0,292.0,13371.0,517.0,84.0,4336.0,84.0,0,0,0,249.0,60533.0,249.0,72.0,17440.0,72.0,78.0,4822.0,78.0,245.0,17110.0,245.0,161.0,4418.0,161.0,342.0,18234.0,0,33.0,94.0,823.0,16480.0,32858.0,60362.0,91373.0,115492.0,59949.0,23436.0,0,0,0,4.0,4.0,0,12.0,3.0,6.0,15.0,0,39513.0,2.0,4.0,85.0,3774.0,156.0,0,0,0,0,0,0,83.0,20160.0,83.0,126.0,14418.0,126.0,0,0,0,114.0,6305.0,114.0,133.0,6185.0,133.0,182.0,9107.0,0,34.0,28.0,299.0,1692.0,9717.0,16811.0,34921.0,39513.0,8178.0,-2235.0,4336.0,0,0,0,60533.0,20160.0,17440.0,14418.0,4822.0,0,17110.0,6305.0,4418.0,6185.0,15895.0,9107.0,20240.0,17427.0,other_expenses,-2813.0,0.0,mixed/small
108126484,1,Sarthak Sharma ,Celibistrial,submission_win_control,44023.0,"[""SMOOTHIE_SHOP"", ""PET_CAFE""]",0.012517385257301807,0,0,133563.0,27165.0,0,0,4,8.0,6.0,3.0,11.0,3.0,7.0,33.0,29.0,109398.0,0.0,0.0,292.0,11430.0,517.0,84.0,13383.0,84.0,0,0,0,249.0,49269.0,249.0,72.0,16172.0,72.0,78.0,3689.0,78.0,245.0,15419.0,245.0,161.0,6344.0,161.0,342.0,17857.0,0,27.0,92.0,824.0,17093.0,33701.0,56928.0,80896.0,109398.0,88124.0,25749.0,0,0,0,8.0,3.0,0,11.0,3.0,18.0,40.0,20.0,65375.0,39.0,27.0,26.0,930.0,138.0,93.0,11338.0,93.0,0,0,0,203.0,38619.0,212.0,71.0,12256.0,71.0,0,0,0,210.0,10949.0,215.0,87.0,4654.0,87.0,172.0,9378.0,0,128.0,4.0,496.0,8463.0,18418.0,30193.0,50139.0,65375.0,6793.0,-4028.0,13383.0,11338.0,0,0,49269.0,38619.0,16172.0,12256.0,3689.0,0,15419.0,10949.0,6344.0,4654.0,15569.0,9378.0,20240.0,20791.0,TOMATO_net_receipts,0,0.0,mixed/small
108127462,0,Sarthak Sharma ,Jeevan Jolly,submission_win_control,22775.0,"[""PIZZA_SHOP"", ""PIZZA_SHOP""]",0.022253129346314324,0,0,150304.0,27239.0,0,0,4,8.0,6.0,3.0,11.0,3.0,7.0,33.0,29.0,126065.0,0.0,0.0,292.0,12489.0,517.0,84.0,2864.0,84.0,0,0,0,249.0,10552.0,249.0,72.0,16064.0,72.0,78.0,3623.0,78.0,245.0,61705.0,245.0,161.0,27549.0,161.0,342.0,15458.0,0,29.0,93.0,818.0,17116.0,38104.0,67546.0,94990.0,126065.0,144177.0,43887.0,0,0,0,10.0,4.0,0,12.0,3.0,19.0,34.0,3.0,103290.0,2.0,9.0,598.0,26331.0,394.0,15.0,562.0,15.0,0,0,0,218.0,5342.0,218.0,120.0,13949.0,120.0,0,0,0,259.0,65275.0,268.0,120.0,21115.0,120.0,260.0,11603.0,0,16.0,163.0,53.0,13422.0,24683.0,49321.0,72913.0,103290.0,7442.0,4031.0,2864.0,562.0,0,0,10552.0,5342.0,16064.0,13949.0,3623.0,0,61705.0,65275.0,27549.0,21115.0,13506.0,11603.0,20240.0,21587.0,MILK_net_receipts,-3570.0,0.0,cattle-heavy
108128452,1,Sarthak Sharma ,Tejas,submission_win_control,10760.0,"[""SMOOTHIE_SHOP"", ""FARMERS_MARKET""]",0.0027816411682892906,0,0,140951.0,27239.0,0,0,4,8.0,6.0,3.0,11.0,3.0,7.0,33.0,29.0,116712.0,0.0,0.0,292.0,12025.0,517.0,84.0,4454.0,84.0,0,0,0,249.0,60315.0,249.0,72.0,16847.0,72.0,78.0,4380.0,78.0,245.0,21412.0,245.0,161.0,4823.0,161.0,342.0,16695.0,0,24.0,88.0,809.0,16894.0,34104.0,63260.0,93576.0,116712.0,131630.0,28678.0,11,0,3,8.0,4.0,0,14.0,3.0,6.0,36.0,0,105952.0,0.0,0.0,428.0,17753.0,517.0,0,0,0,0,0,0,286.0,68588.0,286.0,102.0,14292.0,102.0,0,0,0,215.0,14736.0,215.0,132.0,5767.0,132.0,215.0,10494.0,0,7.0,6.0,5.0,4777.0,13176.0,46763.0,82973.0,105952.0,7152.0,10906.0,4454.0,0,0,0,60315.0,68588.0,16847.0,14292.0,4380.0,0,21412.0,14736.0,4823.0,5767.0,14569.0,10494.0,20240.0,21831.0,STRAWBERRY_net_receipts,-8273.0,0.0,mixed/small
108129435,0,Sarthak Sharma ,haseryooooo,submission_win_control,20145.0,"[""BAKERY"", ""SMOOTHIE_SHOP""]",0.022253129346314324,0,0,134063.0,27217.0,0,0,4,8.0,6.0,3.0,11.0,3.0,7.0,33.0,29.0,109846.0,0.0,0.0,292.0,11882.0,517.0,84.0,3681.0,84.0,0,0,0,249.0,24195.0,249.0,72.0,15927.0,72.0,78.0,4400.0,78.0,245.0,50529.0,245.0,161.0,7424.0,161.0,342.0,16025.0,0,20.0,84.0,809.0,16674.0,34353.0,64736.0,85824.0,109846.0,128317.0,41616.0,1,0,0,10.0,4.0,0,12.0,3.0,12.0,42.0,3.0,89701.0,3.0,0.0,539.0,22489.0,386.0,11.0,496.0,11.0,0,0,0,274.0,18924.0,274.0,72.0,12516.0,72.0,0,0,0,279.0,56538.0,279.0,116.0,6249.0,116.0,239.0,11105.0,0,25.0,172.0,302.0,12829.0,19518.0,46699.0,65996.0,89701.0,6945.0,2600.0,3681.0,496.0,0,0,24195.0,18924.0,15927.0,12516.0,4400.0,0,50529.0,56538.0,7424.0,6249.0,13985.0,11105.0,20240.0,21727.0,MILK_net_receipts,-6009.0,0.0,cattle-heavy
108130435,0,Sarthak Sharma ,Hồ Khánh Duy,submission_win_control,28472.0,"[""SMOOTHIE_SHOP"", ""BRUNCH_SPOT""]",0.022253129346314324,0,0,126348.0,27091.0,0,0,4,8.0,6.0,3.0,11.0,3.0,7.0,33.0,29.0,102257.0,0.0,0.0,292.0,12356.0,517.0,84.0,4216.0,84.0,0,0,0,249.0,41192.0,249.0,72.0,16064.0,72.0,78.0,4625.0,78.0,245.0,26028.0,245.0,161.0,6101.0,161.0,342.0,15766.0,0,29.0,93.0,816.0,16984.0,35276.0,64303.0,87874.0,102257.0,114382.0,43597.0,2,0,0,10.0,4.0,0,12.0,3.0,18.0,34.0,3.0,73785.0,2.0,0.0,598.0,26130.0,398.0,15.0,754.0,15.0,0,0,0,254.0,34770.0,254.0,120.0,13949.0,120.0,0,0,0,278.0,22569.0,278.0,120.0,4883.0,120.0,242.0,11327.0,0,16.0,163.0,43.0,13352.0,21417.0,39318.0,63095.0,73785.0,7506.0,4120.0,4216.0,754.0,0,0,41192.0,34770.0,16064.0,13949.0,4625.0,0,26028.0,22569.0,6101.0,4883.0,13765.0,11327.0,20240.0,21587.0,TOMATO_net_receipts,0,0.0,cattle-heavy
108131419,0,Sarthak Sharma ,Cam-Luan Truong,submission_win_control,32022.0,"[""PIZZA_SHOP"", ""PET_CAFE""]",0.019471488178025034,0,0,99181.0,27260.0,0,0,4,8.0,6.0,3.0,11.0,3.0,7.0,33.0,29.0,74921.0,0.0,0.0,291.0,12111.0,517.0,84.0,17762.0,84.0,0,0,0,249.0,10525.0,249.0,72.0,15957.0,72.0,78.0,4271.0,78.0,245.0,17953.0,245.0,161.0,4395.0,161.0,342.0,16207.0,0,23.0,109.0,801.0,16123.0,32747.0,44222.0,49478.0,74921.0,67933.0,28034.0,9,0,6,11.0,4.0,0,15.0,3.0,11.0,40.0,12.0,42899.0,27.0,0.0,195.0,8387.0,430.0,57.0,7905.0,57.0,0,0,0,311.0,12341.0,311.0,66.0,12768.0,66.0,0,0,0,264.0,9477.0,264.0,127.0,6099.0,127.0,258.0,10956.0,0,166.0,113.0,184.0,6410.0,14827.0,25493.0,27714.0,42899.0,7151.0,4587.0,17762.0,7905.0,0,0,10525.0,12341.0,15957.0,12768.0,4271.0,0,17953.0,9477.0,4395.0,6099.0,14147.0,10956.0,20240.0,24234.0,STRAWBERRY_net_receipts,-1816.0,0.0,cattle-heavy
108132410,1,Sarthak Sharma ,Lord Momo,submission_win_control,14852.0,"[""PET_CAFE"", ""ICE_CREAM_SHOP""]",0.055632823365785816,0,0,99871.0,27086.0,0,0,4,8.0,6.0,3.0,11.0,3.0,7.0,33.0,29.0,75785.0,0.0,0.0,292.0,12332.0,517.0,84.0,5326.0,84.0,0,0,0,249.0,24639.0,249.0,72.0,14267.0,72.0,78.0,4507.0,78.0,245.0,17963.0,245.0,161.0,5712.0,161.0,342.0,15125.0,0,24.0,82.0,800.0,14758.0,29926.0,53415.0,62135.0,75785.0,87272.0,29339.0,1,0,14,9.0,8.0,0,12.0,3.0,8.0,33.0,5.0,60933.0,6.0,3.0,367.0,15515.0,579.0,9.0,581.0,9.0,0,0,0,251.0,22395.0,261.0,72.0,14267.0,72.0,0,0,0,232.0,15509.0,234.0,194.0,5347.0,195.0,335.0,13658.0,0,24.0,50.0,213.0,14144.0,23298.0,46992.0,51403.0,60933.0,7392.0,10557.0,5326.0,581.0,0,0,24639.0,22395.0,14267.0,14267.0,4507.0,0,17963.0,15509.0,5712.0,5347.0,13219.0,11929.0,20240.0,22652.0,WHEAT_net_receipts,-3165.0,0.0,mixed/small
108133050,1,Sarthak Sharma ,Anruan,submission_win_control,17987.0,"[""PET_CAFE"", ""SMOOTHIE_SHOP""]",0.12239221140472879,0,0,101739.0,26928.0,0,0,4,8.0,6.0,3.0,11.0,3.0,7.0,33.0,29.0,77811.0,0.0,0.0,292.0,11182.0,517.0,84.0,5313.0,84.0,0,0,0,249.0,19524.0,249.0,72.0,14678.0,72.0,78.0,4235.0,78.0,245.0,25063.0,245.0,161.0,6916.0,161.0,342.0,14828.0,0,70.0,129.0,844.0,15206.0,29963.0,51712.0,62907.0,77811.0,87561.0,30737.0,0,6,13,8.0,9.0,0,12.0,3.0,10.0,33.0,9.0,59824.0,0.0,13.0,332.0,12236.0,540.0,17.0,1073.0,18.0,0,0,0,259.0,17121.0,260.0,60.0,12749.0,60.0,0,0,0,235.0,24224.0,240.0,226.0,5827.0,226.0,355.0,14331.0,0,61.0,120.0,398.0,13139.0,25516.0,43351.0,51491.0,59824.0,6351.0,6343.0,5313.0,1073.0,0,0,19524.0,17121.0,14678.0,12749.0,4235.0,0,25063.0,24224.0,6916.0,5827.0,12971.0,12190.0,20240.0,22703.0,TOMATO_net_receipts,0,0.0,mixed/small
108133401,1,Sarthak Sharma ,Yangle Ma,submission_win_control,12614.0,"[""ICE_CREAM_SHOP"", ""PIZZA_SHOP""]",0.05285118219749652,0,0,109094.0,27257.0,0,0,4,8.0,6.0,3.0,11.0,3.0,7.0,33.0,29.0,84837.0,0.0,0.0,292.0,13057.0,517.0,84.0,2594.0,84.0,0,0,0,249.0,23532.0,249.0,72.0,14267.0,72.0,78.0,5005.0,78.0,245.0,29752.0,245.0,161.0,5712.0,161.0,342.0,15175.0,0,24.0,82.0,798.0,15313.0,33283.0,60279.0,73093.0,84837.0,99387.0,30164.0,1,0,13,9.0,8.0,0,12.0,3.0,8.0,33.0,5.0,72223.0,6.0,8.0,367.0,16506.0,577.0,9.0,314.0,9.0,0,0,0,259.0,21837.0,261.0,72.0,14267.0,72.0,0,0,0,234.0,27348.0,234.0,195.0,5348.0,195.0,335.0,13767.0,0,24.0,50.0,211.0,14474.0,29044.0,53021.0,61798.0,72223.0,7949.0,11682.0,2594.0,314.0,0,0,23532.0,21837.0,14267.0,14267.0,5005.0,0,29752.0,27348.0,5712.0,5348.0,13266.0,11877.0,20240.0,23450.0,WHEAT_net_receipts,-3733.0,0.0,mixed/small
108134397,1,Sarthak Sharma ,Aphrodite,submission_win_control,3787.0,"[""PET_CAFE"", ""YARN_STORE""]",0.18219749652294853,0,0,94880.0,26523.0,0,0,23,6.0,10.0,0,12.0,3.0,7.0,33.0,29.0,71357.0,0.0,0.0,275.0,9462.0,517.0,84.0,7311.0,84.0,0,0,0,247.0,15402.0,247.0,72.0,14267.0,72.0,0,0,0,191.0,6440.0,191.0,251.0,28262.0,251.0,325.0,13736.0,0,24.0,82.0,800.0,16269.0,29795.0,54693.0,58676.0,71357.0,99855.0,35285.0,0,0,22,7.0,10.0,0,12.0,3.0,11.0,32.0,49.0,67570.0,0.0,2.0,424.0,13806.0,457.0,117.0,9753.0,117.0,0,0,0,255.0,14307.0,255.0,72.0,14267.0,72.0,0,0,0,219.0,6710.0,219.0,250.0,26586.0,250.0,332.0,14426.0,0,24.0,50.0,213.0,14058.0,25892.0,53608.0,55653.0,67570.0,5961.0,3455.0,7311.0,9753.0,0,0,15402.0,14307.0,14267.0,14267.0,0,0,6440.0,6710.0,28262.0,26586.0,12597.0,12552.0,21883.0,23060.0,CARROT_net_receipts,-2442.0,0.0,sheep-heavy
108135381,1,Sarthak Sharma ,Mathieu W,submission_win_control,3593.0,"[""PET_CAFE"", ""YARN_STORE""]",0.980528511821975,0,0,117999.0,26433.0,0,0,23,6.0,10.0,0,12.0,3.0,7.0,33.0,29.0,94566.0,0.0,0.0,275.0,9591.0,517.0,84.0,5689.0,84.0,0,0,0,247.0,7784.0,247.0,72.0,14267.0,72.0,0,0,0,191.0,7965.0,191.0,251.0,58980.0,251.0,325.0,13723.0,0,26.0,85.0,802.0,16521.0,30262.0,50441.0,70562.0,94566.0,114463.0,26490.0,8,0,23,6.0,10.0,0,12.0,3.0,7.0,33.0,29.0,90973.0,0.0,0.0,285.0,9874.0,517.0,83.0,5573.0,83.0,0,0,0,247.0,5850.0,247.0,72.0,14267.0,72.0,0,0,0,181.0,7385.0,181.0,247.0,57791.0,247.0,326.0,13723.0,0,26.0,85.0,801.0,16386.0,29864.0,48946.0,68738.0,90973.0,6167.0,6393.0,5689.0,5573.0,0,0,7784.0,5850.0,14267.0,14267.0,0,0,7965.0,7385.0,58980.0,57791.0,12597.0,12597.0,21883.0,21883.0,WHEAT_net_receipts,-226.0,0.0,sheep-heavy
108136379,1,Sarthak Sharma ,KuziJA,submission_tie,0.0,"[""FARMERS_MARKET"", ""PIZZA_SHOP""]",1.0,0,0,103981.0,27137.0,0,0,4,8.0,6.0,3.0,11.0,3.0,7.0,33.0,29.0,79844.0,0.0,0.0,292.0,12781.0,517.0,84.0,3624.0,84.0,0,0,0,249.0,37714.0,249.0,72.0,14267.0,72.0,78.0,4605.0,78.0,245.0,11052.0,245.0,161.0,5554.0,161.0,342.0,14384.0,0,26.0,85.0,801.0,14491.0,25482.0,47165.0,63356.0,79844.0,104364.0,27520.0,0,0,4,8.0,6.0,3.0,11.0,3.0,7.0,33.0,29.0,79844.0,0.0,0.0,305.0,13164.0,517.0,84.0,3624.0,84.0,0,0,0,249.0,37714.0,249.0,72.0,14267.0,72.0,78.0,4605.0,78.0,245.0,11052.0,245.0,161.0,5554.0,161.0,342.0,14384.0,0,26.0,85.0,801.0,14491.0,25482.0,47165.0,63356.0,79844.0,7664.0,7664.0,3624.0,3624.0,0,0,37714.0,37714.0,14267.0,14267.0,4605.0,4605.0,11052.0,11052.0,5554.0,5554.0,12604.0,12604.0,20240.0,20240.0,WHEAT_net_receipts,0.0,0.0,mixed/small
108137378,0,Sarthak Sharma ,betterme,submission_tie,0.0,"[""BAKERY"", ""BAKERY""]",1.0,0,0,78065.0,27116.0,0,0,4,8.0,6.0,3.0,11.0,3.0,7.0,33.0,29.0,53949.0,0.0,0.0,292.0,11062.0,517.0,84.0,19824.0,84.0,0,0,0,249.0,3668.0,249.0,72.0,14267.0,72.0,78.0,4701.0,78.0,245.0,4605.0,245.0,161.0,5554.0,161.0,342.0,14384.0,0,26.0,85.0,801.0,13580.0,20148.0,25286.0,29114.0,53949.0,78448.0,27499.0,0,0,4,8.0,6.0,3.0,11.0,3.0,7.0,33.0,29.0,53949.0,0.0,0.0,305.0,11445.0,517.0,84.0,19824.0,84.0,0,0,0,249.0,3668.0,249.0,72.0,14267.0,72.0,78.0,4701.0,78.0,245.0,4605.0,245.0,161.0,5554.0,161.0,342.0,14384.0,0,26.0,85.0,801.0,13580.0,20148.0,25286.0,29114.0,53949.0,5966.0,5966.0,19824.0,19824.0,0,0,3668.0,3668.0,14267.0,14267.0,4701.0,4701.0,4605.0,4605.0,5554.0,5554.0,12604.0,12604.0,20240.0,20240.0,WHEAT_net_receipts,0.0,0.0,mixed/small
108138380,0,Sarthak Sharma ,Hiters,submission_tie,0.0,"[""FARMERS_MARKET"", ""ICE_CREAM_SHOP""]",1.0,0,0,157782.0,27116.0,0,0,4,8.0,6.0,3.0,11.0,3.0,7.0,33.0,29.0,133666.0,0.0,0.0,292.0,12036.0,517.0,84.0,4040.0,84.0,0,0,0,249.0,50089.0,249.0,72.0,14267.0,72.0,78.0,3449.0,78.0,245.0,41152.0,245.0,161.0,18365.0,161.0,342.0,14384.0,0,26.0,85.0,801.0,14641.0,31119.0,65356.0,102708.0,133666.0,158165.0,27499.0,0,0,4,8.0,6.0,3.0,11.0,3.0,7.0,33.0,29.0,133666.0,0.0,0.0,305.0,12419.0,517.0,84.0,4040.0,84.0,0,0,0,249.0,50089.0,249.0,72.0,14267.0,72.0,78.0,3449.0,78.0,245.0,41152.0,245.0,161.0,18365.0,161.0,342.0,14384.0,0,26.0,85.0,801.0,14641.0,31119.0,65356.0,102708.0,133666.0,6940.0,6940.0,4040.0,4040.0,0,0,50089.0,50089.0,14267.0,14267.0,3449.0,3449.0,41152.0,41152.0,18365.0,18365.0,12604.0,12604.0,20240.0,20240.0,WHEAT_net_receipts,0.0,0.0,mixed/small
108139399,0,Sarthak Sharma ,underline12311,submission_tie,0.0,"[""BRUNCH_SPOT"", ""PET_CAFE""]",1.0,0,0,96385.0,27049.0,0,0,4,8.0,6.0,3.0,11.0,3.0,7.0,33.0,29.0,72336.0,0.0,0.0,292.0,11991.0,517.0,84.0,6363.0,84.0,0,0,0,249.0,32129.0,249.0,72.0,14267.0,72.0,78.0,4600.0,78.0,245.0,7097.0,245.0,161.0,5554.0,161.0,342.0,14384.0,0,26.0,85.0,801.0,13834.0,22744.0,43287.0,55627.0,72336.0,96768.0,27432.0,0,0,4,8.0,6.0,3.0,11.0,3.0,7.0,33.0,29.0,72336.0,0.0,0.0,305.0,12374.0,517.0,84.0,6363.0,84.0,0,0,0,249.0,32129.0,249.0,72.0,14267.0,72.0,78.0,4600.0,78.0,245.0,7097.0,245.0,161.0,5554.0,161.0,342.0,14384.0,0,26.0,85.0,801.0,13834.0,22744.0,43287.0,55627.0,72336.0,6962.0,6962.0,6363.0,6363.0,0,0,32129.0,32129.0,14267.0,14267.0,4600.0,4600.0,7097.0,7097.0,5554.0,5554.0,12604.0,12604.0,20240.0,20240.0,WHEAT_net_receipts,0.0,0.0,mixed/small
108139486,1,Sarthak Sharma ,Lynxx,submission_loss,-4931.0,"[""SMOOTHIE_SHOP"", ""PET_CAFE""]",0.8122392211404729,0,0,133506.0,26846.0,0,0,4,8.0,6.0,3.0,11.0,3.0,7.0,33.0,29.0,109660.0,0.0,0.0,292.0,9365.0,517.0,84.0,4372.0,84.0,0,0,0,249.0,48572.0,249.0,72.0,14267.0,72.0,78.0,4009.0,78.0,245.0,28095.0,245.0,161.0,10277.0,161.0,342.0,14549.0,0,26.0,85.0,802.0,15210.0,31306.0,59447.0,87912.0,109660.0,140364.0,28773.0,0,0,9,9.0,5.0,3.0,12.0,3.0,7.0,32.0,29.0,114591.0,0.0,0.0,381.0,12004.0,576.0,97.0,5055.0,97.0,0,0,0,243.0,47618.0,243.0,72.0,14267.0,72.0,78.0,4006.0,78.0,266.0,30729.0,266.0,139.0,12050.0,139.0,353.0,14635.0,0,26.0,85.0,802.0,15325.0,31747.0,60366.0,90306.0,114591.0,4572.0,6270.0,4372.0,5055.0,0,0,48572.0,47618.0,14267.0,14267.0,4009.0,4006.0,28095.0,30729.0,10277.0,12050.0,12736.0,12414.0,20240.0,20818.0,MILK_net_receipts,-2634.0,0.0,mixed/small
108140422,0,Sarthak Sharma ,abozten,submission_loss,-4847.0,"[""YARN_STORE"", ""ICE_CREAM_SHOP""]",0.9791376912378303,0,0,155427.0,28506.0,1,0,7,6.0,11.0,0,12.0,3.0,7.0,33.0,27.0,129921.0,0.0,0.0,300.0,11872.0,528.0,75.0,2391.0,75.0,0,0,0,238.0,38270.0,249.0,72.0,14267.0,72.0,0,0,0,191.0,45155.0,191.0,278.0,30345.0,282.0,319.0,13127.0,0,26.0,85.0,802.0,16923.0,33262.0,79563.0,103073.0,129921.0,160657.0,28889.0,1,0,7,6.0,11.0,0,12.0,3.0,7.0,33.0,27.0,134768.0,0.0,0.0,316.0,12387.0,528.0,75.0,2393.0,75.0,0,0,0,243.0,39988.0,249.0,72.0,14267.0,72.0,0,0,0,191.0,45177.0,191.0,278.0,33275.0,282.0,329.0,13170.0,0,26.0,85.0,802.0,16923.0,33302.0,79707.0,107846.0,134768.0,6130.0,6262.0,2391.0,2393.0,0,0,38270.0,39988.0,14267.0,14267.0,0,0,45155.0,45177.0,30345.0,33275.0,12583.0,12626.0,22220.0,22220.0,WOOL_net_receipts,-2930.0,0.0,sheep-heavy
108141440,0,Sarthak Sharma ,Thành Toàn Vương,submission_win_control,5568.0,"[""SMOOTHIE_SHOP"", ""BAKERY""]",0.9346314325452016,0,0,107276.0,26957.0,0,0,4,8.0,6.0,3.0,11.0,3.0,7.0,33.0,29.0,83319.0,0.0,0.0,292.0,10917.0,517.0,84.0,4416.0,84.0,0,0,0,249.0,14666.0,249.0,72.0,14267.0,72.0,78.0,4372.0,78.0,245.0,13943.0,245.0,161.0,30176.0,161.0,342.0,14519.0,0,26.0,85.0,802.0,15211.0,30412.0,52066.0,64549.0,83319.0,102078.0,27327.0,0,0,4,8.0,6.0,3.0,11.0,3.0,7.0,33.0,29.0,77751.0,0.0,0.0,305.0,11282.0,517.0,83.0,4318.0,83.0,0,0,0,249.0,12675.0,249.0,72.0,14267.0,72.0,74.0,4141.0,74.0,245.0,12000.0,245.0,161.0,29121.0,161.0,345.0,14274.0,0,26.0,85.0,801.0,14808.0,28401.0,48690.0,60461.0,77751.0,6013.0,5992.0,4416.0,4318.0,0,0,14666.0,12675.0,14267.0,14267.0,4372.0,4141.0,13943.0,12000.0,30176.0,29121.0,12706.0,12477.0,20240.0,20240.0,TOMATO_net_receipts,0,0.0,mixed/small
108142496,0,Sarthak Sharma ,Juan Leiva,submission_tie,0.0,"[""FARMERS_MARKET"", ""BRUNCH_SPOT""]",1.0,0,0,120323.0,27137.0,0,0,4,8.0,6.0,3.0,11.0,3.0,7.0,33.0,29.0,96186.0,0.0,0.0,292.0,12283.0,517.0,84.0,7862.0,84.0,0,0,0,249.0,56748.0,249.0,72.0,14267.0,72.0,78.0,4132.0,78.0,245.0,5093.0,245.0,161.0,5554.0,161.0,342.0,14384.0,0,26.0,85.0,801.0,13568.0,20906.0,45027.0,71409.0,96186.0,120706.0,27520.0,0,0,4,8.0,6.0,3.0,11.0,3.0,7.0,33.0,29.0,96186.0,0.0,0.0,305.0,12666.0,517.0,84.0,7862.0,84.0,0,0,0,249.0,56748.0,249.0,72.0,14267.0,72.0,78.0,4132.0,78.0,245.0,5093.0,245.0,161.0,5554.0,161.0,342.0,14384.0,0,26.0,85.0,801.0,13568.0,20906.0,45027.0,71409.0,96186.0,7166.0,7166.0,7862.0,7862.0,0,0,56748.0,56748.0,14267.0,14267.0,4132.0,4132.0,5093.0,5093.0,5554.0,5554.0,12604.0,12604.0,20240.0,20240.0,WHEAT_net_receipts,0.0,0.0,mixed/small
108143468,0,Sarthak Sharma ,Van-Phuc Huynh,submission_loss,-13768.0,"[""YARN_STORE"", ""YARN_STORE""]",0.4520166898470097,0,0,124678.0,28622.0,11,0,38,4.0,12.0,0,12.0,3.0,7.0,32.0,23.0,99056.0,0.0,0.0,320.0,11252.0,514.0,66.0,3928.0,66.0,0,0,0,228.0,6696.0,228.0,72.0,14267.0,72.0,0,0,0,114.0,4821.0,114.0,292.0,70929.0,292.0,311.0,12785.0,0,26.0,85.0,802.0,14460.0,26514.0,52199.0,75294.0,99056.0,156448.0,46624.0,6,0,38,4.0,18.0,0,14.0,4.0,8.0,32.0,23.0,112824.0,0.0,0.0,329.0,11532.0,514.0,66.0,3902.0,66.0,0,0,0,238.0,7672.0,238.0,72.0,14267.0,72.0,0,0,0,114.0,5377.0,114.0,408.0,99256.0,411.0,408.0,14442.0,0,26.0,85.0,802.0,14464.0,18644.0,52721.0,81532.0,112824.0,6619.0,2484.0,3928.0,3902.0,0,0,6696.0,7672.0,14267.0,14267.0,0,0,4821.0,5377.0,70929.0,99256.0,11811.0,13468.0,23015.0,36602.0,WOOL_net_receipts,-28327.0,0.0,sheep-heavy
108144483,1,Sarthak Sharma ,Scott Kirila,submission_win_control,2153.0,"[""ICE_CREAM_SHOP"", ""PET_CAFE""]",0.7691237830319889,0,0,130176.0,27073.0,0,0,4,8.0,6.0,3.0,11.0,3.0,7.0,33.0,29.0,106103.0,0.0,0.0,292.0,12338.0,517.0,84.0,6235.0,84.0,0,0,0,249.0,51982.0,249.0,72.0,14267.0,72.0,78.0,3958.0,78.0,245.0,21208.0,245.0,161.0,5679.0,161.0,342.0,14509.0,0,45.0,105.0,821.0,15174.0,32216.0,59271.0,84151.0,106103.0,128378.0,27428.0,3,0,4,8.0,6.0,3.0,11.0,3.0,7.0,33.0,29.0,103950.0,0.0,7.0,291.0,12108.0,516.0,79.0,5936.0,82.0,0,0,0,249.0,51827.0,249.0,72.0,14267.0,72.0,70.0,3550.0,71.0,240.0,20996.0,243.0,158.0,5397.0,158.0,356.0,14297.0,0,8.0,97.0,790.0,14556.0,30292.0,57923.0,82998.0,103950.0,7307.0,6720.0,6235.0,5936.0,0,0,51982.0,51827.0,14267.0,14267.0,3958.0,3550.0,21208.0,20996.0,5679.0,5397.0,12707.0,12484.0,20240.0,20227.0,other_expenses,-13.0,0.0,mixed/small
108145550,1,Sarthak Sharma ,Skyspace,submission_loss,-37042.0,"[""PIZZA_SHOP"", ""FARMERS_MARKET""]",0.6369958275382476,0,0,101187.0,27146.0,0,0,4,8.0,6.0,3.0,11.0,3.0,7.0,33.0,29.0,77041.0,0.0,0.0,292.0,12690.0,517.0,84.0,4706.0,84.0,0,0,0,249.0,29561.0,249.0,72.0,14267.0,72.0,78.0,4043.0,78.0,245.0,16065.0,245.0,161.0,5509.0,161.0,342.0,14346.0,0,26.0,85.0,801.0,14921.0,29250.0,51054.0,62885.0,77041.0,146909.0,35826.0,0,0,4,8.0,6.0,3.0,14.0,4.0,7.0,33.0,29.0,114083.0,0.0,0.0,305.0,13078.0,517.0,84.0,4716.0,84.0,80.0,40752.0,80.0,249.0,32248.0,249.0,72.0,14267.0,72.0,78.0,4050.0,78.0,245.0,17722.0,245.0,161.0,5576.0,161.0,344.0,14500.0,0,26.0,85.0,801.0,14931.0,29650.0,46801.0,59579.0,114083.0,7574.0,7575.0,4706.0,4716.0,0,40752.0,29561.0,32248.0,14267.0,14267.0,4043.0,4050.0,16065.0,17722.0,5509.0,5576.0,12556.0,12611.0,20240.0,28434.0,TOMATO_net_receipts,-40752.0,0.0,mixed/small
108146517,1,Sarthak Sharma ,Dd National,submission_win_control,1926.0,"[""ICE_CREAM_SHOP"", ""BAKERY""]",0.9082058414464534,0,0,156805.0,27159.0,0,0,4,8.0,6.0,3.0,11.0,3.0,7.0,33.0,29.0,132646.0,0.0,0.0,292.0,12853.0,517.0,84.0,2370.0,84.0,0,0,0,249.0,46653.0,249.0,72.0,14267.0,72.0,78.0,4231.0,78.0,245.0,56284.0,245.0,161.0,5624.0,161.0,342.0,14523.0,0,26.0,85.0,801.0,15095.0,33016.0,65077.0,100092.0,132646.0,155266.0,27546.0,0,0,7,8.0,6.0,3.0,11.0,3.0,7.0,33.0,29.0,130720.0,0.0,0.0,316.0,13750.0,517.0,83.0,2284.0,83.0,0,0,0,249.0,45703.0,249.0,72.0,14267.0,72.0,74.0,4013.0,74.0,245.0,55561.0,245.0,145.0,5415.0,145.0,347.0,14273.0,0,26.0,85.0,800.0,14812.0,31974.0,64051.0,98522.0,130720.0,7736.0,8249.0,2370.0,2284.0,0,0,46653.0,45703.0,14267.0,14267.0,4231.0,4013.0,56284.0,55561.0,5624.0,5415.0,12721.0,12468.0,20240.0,20240.0,WHEAT_net_receipts,-513.0,0.0,mixed/small
108147389,0,Sarthak Sharma ,DharmParmar,submission_loss,-1789.0,"[""PET_CAFE"", ""PIZZA_SHOP""]",0.9109874826147427,0,0,101877.0,26985.0,0,0,4,8.0,6.0,3.0,11.0,3.0,7.0,33.0,29.0,77892.0,0.0,0.0,292.0,11475.0,517.0,84.0,6136.0,84.0,0,0,0,249.0,14681.0,249.0,72.0,14267.0,72.0,78.0,3615.0,78.0,245.0,9067.0,245.0,161.0,28206.0,161.0,342.0,14430.0,0,26.0,85.0,801.0,14602.0,26452.0,45699.0,57476.0,77892.0,104683.0,28002.0,0,0,4,8.0,6.0,3.0,12.0,3.0,7.0,33.0,29.0,79681.0,0.0,0.0,355.0,14060.0,580.0,85.0,6254.0,85.0,0,0,0,249.0,14694.0,249.0,72.0,14267.0,72.0,74.0,3435.0,78.0,245.0,9230.0,245.0,161.0,28076.0,161.0,347.0,14667.0,0,26.0,85.0,803.0,14614.0,26790.0,47040.0,58271.0,79681.0,6547.0,9124.0,6136.0,6254.0,0,0,14681.0,14694.0,14267.0,14267.0,3615.0,3435.0,9067.0,9230.0,28206.0,28076.0,12613.0,12540.0,20240.0,20939.0,WHEAT_net_receipts,-2577.0,0.0,mixed/small
108147542,1,Sarthak Sharma ,Troy_xx,submission_win_control,2266.0,"[""PET_CAFE"", ""PIZZA_SHOP""]",0.9346314325452016,0,0,123589.0,26946.0,0,0,4,8.0,6.0,3.0,11.0,3.0,7.0,33.0,29.0,99643.0,0.0,0.0,292.0,9355.0,517.0,84.0,37156.0,84.0,0,0,0,249.0,3533.0,249.0,72.0,14267.0,72.0,78.0,3457.0,78.0,245.0,10059.0,245.0,161.0,31253.0,161.0,342.0,14509.0,0,26.0,85.0,802.0,14774.0,28435.0,42557.0,54011.0,99643.0,121712.0,27335.0,0,0,4,8.0,6.0,3.0,11.0,3.0,7.0,33.0,29.0,97377.0,0.0,0.0,305.0,9686.0,517.0,83.0,36713.0,83.0,0,0,0,249.0,3265.0,249.0,72.0,14267.0,72.0,74.0,3274.0,74.0,245.0,8674.0,245.0,161.0,31551.0,161.0,345.0,14282.0,0,26.0,85.0,801.0,14555.0,26671.0,40813.0,51953.0,97377.0,4451.0,4396.0,37156.0,36713.0,0,0,3533.0,3265.0,14267.0,14267.0,3457.0,3274.0,10059.0,8674.0,31253.0,31551.0,12707.0,12477.0,20240.0,20240.0,WOOL_net_receipts,-298.0,0.0,mixed/small
108148551,0,Sarthak Sharma ,vkhydras,submission_win_control,4001.0,"[""ICE_CREAM_SHOP"", ""BRUNCH_SPOT""]",0.8303198887343533,0,0,162539.0,27136.0,0,0,6,8.0,6.0,3.0,11.0,3.0,7.0,33.0,29.0,138403.0,0.0,0.0,288.0,11445.0,513.0,84.0,3485.0,84.0,0,0,0,249.0,53755.0,249.0,72.0,14267.0,72.0,78.0,4225.0,78.0,245.0,34343.0,245.0,161.0,26584.0,161.0,342.0,14435.0,0,26.0,85.0,801.0,15001.0,33105.0,70278.0,108667.0,138403.0,159490.0,28088.0,0,0,4,8.0,6.0,3.0,11.0,3.0,7.0,33.0,29.0,134402.0,0.0,0.0,362.0,14308.0,539.0,96.0,3872.0,96.0,0,0,0,249.0,53705.0,249.0,72.0,14267.0,72.0,78.0,4213.0,78.0,234.0,33129.0,234.0,129.0,21613.0,129.0,349.0,14383.0,0,26.0,85.0,801.0,15321.0,33586.0,67054.0,104203.0,134402.0,6340.0,8687.0,3485.0,3872.0,0,0,53755.0,53705.0,14267.0,14267.0,4225.0,4213.0,34343.0,33129.0,26584.0,21613.0,12644.0,12512.0,20240.0,20596.0,WHEAT_net_receipts,-2347.0,0.0,mixed/small
108149590,1,Sarthak Sharma ,Supermercado,submission_tie,0.0,"[""ICE_CREAM_SHOP"", ""BAKERY""]",1.0,0,0,119312.0,27116.0,0,0,4,8.0,6.0,3.0,11.0,3.0,7.0,33.0,29.0,95196.0,0.0,0.0,292.0,11683.0,517.0,84.0,5278.0,84.0,0,0,0,249.0,40321.0,249.0,72.0,14267.0,72.0,78.0,4132.0,78.0,245.0,22169.0,245.0,161.0,7078.0,161.0,342.0,14384.0,0,26.0,85.0,801.0,15019.0,31435.0,57402.0,77819.0,95196.0,119695.0,27499.0,0,0,4,8.0,6.0,3.0,11.0,3.0,7.0,33.0,29.0,95196.0,0.0,0.0,305.0,12066.0,517.0,84.0,5278.0,84.0,0,0,0,249.0,40321.0,249.0,72.0,14267.0,72.0,78.0,4132.0,78.0,245.0,22169.0,245.0,161.0,7078.0,161.0,342.0,14384.0,0,26.0,85.0,801.0,15019.0,31435.0,57402.0,77819.0,95196.0,6587.0,6587.0,5278.0,5278.0,0,0,40321.0,40321.0,14267.0,14267.0,4132.0,4132.0,22169.0,22169.0,7078.0,7078.0,12604.0,12604.0,20240.0,20240.0,WHEAT_net_receipts,0.0,0.0,mixed/small
108150598,1,Sarthak Sharma ,konchu2,submission_tie,0.0,"[""SMOOTHIE_SHOP"", ""YARN_STORE""]",1.0,0,0,131842.0,27207.0,1,0,18,6.0,11.0,0,12.0,3.0,7.0,33.0,29.0,107635.0,0.0,0.0,267.0,9354.0,517.0,84.0,5249.0,84.0,0,0,0,249.0,22733.0,249.0,72.0,14267.0,72.0,0,0,0,191.0,39601.0,191.0,272.0,26977.0,272.0,336.0,13661.0,0,26.0,85.0,802.0,16354.0,36965.0,73767.0,89260.0,107635.0,132225.0,27590.0,1,0,18,6.0,11.0,0,12.0,3.0,7.0,33.0,29.0,107635.0,0.0,0.0,280.0,9737.0,517.0,84.0,5249.0,84.0,0,0,0,249.0,22733.0,249.0,72.0,14267.0,72.0,0,0,0,191.0,39601.0,191.0,272.0,26977.0,272.0,336.0,13661.0,0,26.0,85.0,802.0,16354.0,36965.0,73767.0,89260.0,107635.0,5546.0,5546.0,5249.0,5249.0,0,0,22733.0,22733.0,14267.0,14267.0,0,0,39601.0,39601.0,26977.0,26977.0,12611.0,12611.0,22349.0,22349.0,WHEAT_net_receipts,0.0,0.0,sheep-heavy
108151615,0,Sarthak Sharma ,Tian hao Qing Nano7ko,submission_tie,0.0,"[""PIZZA_SHOP"", ""SMOOTHIE_SHOP""]",1.0,0,0,125452.0,27049.0,0,0,4,8.0,6.0,3.0,11.0,3.0,7.0,33.0,29.0,101403.0,0.0,0.0,292.0,11597.0,517.0,84.0,5603.0,84.0,0,0,0,249.0,14976.0,249.0,72.0,14267.0,72.0,78.0,3449.0,78.0,245.0,55622.0,245.0,161.0,5554.0,161.0,342.0,14384.0,0,26.0,85.0,801.0,15342.0,33948.0,58008.0,75369.0,101403.0,125835.0,27432.0,0,0,4,8.0,6.0,3.0,11.0,3.0,7.0,33.0,29.0,101403.0,0.0,0.0,305.0,11980.0,517.0,84.0,5603.0,84.0,0,0,0,249.0,14976.0,249.0,72.0,14267.0,72.0,78.0,3449.0,78.0,245.0,55622.0,245.0,161.0,5554.0,161.0,342.0,14384.0,0,26.0,85.0,801.0,15342.0,33948.0,58008.0,75369.0,101403.0,6568.0,6568.0,5603.0,5603.0,0,0,14976.0,14976.0,14267.0,14267.0,3449.0,3449.0,55622.0,55622.0,5554.0,5554.0,12604.0,12604.0,20240.0,20240.0,WHEAT_net_receipts,0.0,0.0,mixed/small
108152601,1,Sarthak Sharma ,Laplacenvmv,submission_win_control,1789.0,"[""YARN_STORE"", ""YARN_STORE""]",0.2753824756606398,0,0,140464.0,28807.0,10,0,38,4.0,12.0,0,12.0,3.0,7.0,32.0,23.0,114657.0,0.0,0.0,322.0,11631.0,514.0,66.0,2565.0,66.0,0,0,0,228.0,14688.0,228.0,72.0,14231.0,72.0,0,0,0,114.0,10802.0,114.0,296.0,73056.0,296.0,311.0,13491.0,0,19.0,108.0,795.0,14777.0,28501.0,61808.0,87147.0,114657.0,145134.0,35266.0,2,0,14,6.0,11.0,0,11.0,3.0,7.0,33.0,29.0,112868.0,0.0,0.0,553.0,18395.0,525.0,87.0,3406.0,87.0,0,0,0,249.0,15888.0,249.0,72.0,14278.0,72.0,0,0,0,189.0,14723.0,189.0,259.0,63941.0,263.0,351.0,14503.0,0,26.0,86.0,654.0,13684.0,26145.0,61691.0,85662.0,112868.0,6805.0,6015.0,2565.0,3406.0,0,0,14688.0,15888.0,14231.0,14278.0,0,0,10802.0,14723.0,73056.0,63941.0,12525.0,12657.0,23015.0,21040.0,MILK_net_receipts,-3921.0,0.0,sheep-heavy
108153582,0,Sarthak Sharma ,Ryoya Tsuruoka,submission_loss,-24.0,"[""ICE_CREAM_SHOP"", ""BRUNCH_SPOT""]",0.9916550764951322,0,0,166541.0,27116.0,0,0,4,8.0,6.0,3.0,11.0,3.0,7.0,33.0,29.0,142425.0,0.0,0.0,292.0,12055.0,517.0,84.0,2598.0,84.0,0,0,0,249.0,56988.0,249.0,72.0,14267.0,72.0,78.0,4286.0,78.0,245.0,39044.0,245.0,161.0,22919.0,161.0,342.0,14384.0,0,26.0,85.0,801.0,15019.0,32673.0,68244.0,110505.0,142425.0,166948.0,27499.0,0,0,4,8.0,6.0,3.0,11.0,3.0,7.0,33.0,29.0,142449.0,0.0,0.0,305.0,12438.0,517.0,84.0,2598.0,84.0,0,0,0,249.0,57001.0,249.0,72.0,14267.0,72.0,78.0,4286.0,78.0,245.0,39044.0,245.0,161.0,22919.0,161.0,353.0,14395.0,0,26.0,85.0,801.0,15019.0,32673.0,68244.0,110505.0,142449.0,6959.0,6959.0,2598.0,2598.0,0,0,56988.0,57001.0,14267.0,14267.0,4286.0,4286.0,39044.0,39044.0,22919.0,22919.0,12604.0,12615.0,20240.0,20240.0,STRAWBERRY_net_receipts,-13.0,0.0,mixed/small
108154598,1,Sarthak Sharma ,Gracie,submission_win_control,21968.0,"[""BRUNCH_SPOT"", ""FARMERS_MARKET""]",0.015299026425591099,0,0,144790.0,27942.0,0,0,4,8.0,6.0,3.0,11.0,3.0,7.0,33.0,29.0,119848.0,0.0,0.0,292.0,11669.0,517.0,84.0,3883.0,84.0,0,0,0,249.0,50784.0,249.0,72.0,16162.0,72.0,78.0,4549.0,78.0,245.0,32121.0,245.0,161.0,5426.0,161.0,342.0,20196.0,0,28.0,90.0,783.0,14982.0,26855.0,54602.0,87507.0,119848.0,135082.0,40202.0,0,0,5,11.0,3.0,0,13.0,3.0,17.0,39.0,8.0,97880.0,10.0,0.0,504.0,20464.0,617.0,50.0,2234.0,50.0,0,0,0,273.0,55957.0,277.0,83.0,13533.0,83.0,0,0,0,128.0,15898.0,128.0,62.0,5453.0,62.0,354.0,21543.0,0,11.0,7.0,664.0,12981.0,23729.0,58134.0,78378.0,97880.0,6689.0,18500.0,3883.0,2234.0,0,0,50784.0,55957.0,16162.0,13533.0,4549.0,0,32121.0,15898.0,5426.0,5453.0,17474.0,6315.0,20240.0,23010.0,WHEAT_net_receipts,-11811.0,0.0,cattle-heavy
108155602,0,Sarthak Sharma ,Bantam,submission_loss,-750.0,"[""BAKERY"", ""PIZZA_SHOP""]",0.6926286509040334,0,0,127789.0,27181.0,0,0,4,8.0,6.0,3.0,11.0,3.0,7.0,33.0,29.0,103608.0,0.0,0.0,292.0,12944.0,517.0,84.0,3007.0,84.0,0,0,0,249.0,27432.0,249.0,72.0,14267.0,72.0,78.0,4254.0,78.0,245.0,45774.0,245.0,161.0,5513.0,161.0,342.0,14598.0,0,26.0,85.0,801.0,14597.0,30404.0,56127.0,78126.0,103608.0,140280.0,38922.0,0,0,4,8.0,6.0,3.0,15.0,4.0,7.0,33.0,29.0,104358.0,0.0,0.0,344.0,15367.0,566.0,95.0,3417.0,95.0,120.0,9974.0,120.0,249.0,27427.0,249.0,72.0,14267.0,72.0,78.0,4251.0,78.0,245.0,45549.0,245.0,161.0,5572.0,161.0,336.0,14456.0,0,26.0,85.0,800.0,14650.0,30766.0,50809.0,72353.0,104358.0,7827.0,10249.0,3007.0,3417.0,0,9974.0,27432.0,27427.0,14267.0,14267.0,4254.0,4251.0,45774.0,45549.0,5513.0,5572.0,12774.0,12352.0,20240.0,31700.0,TOMATO_net_receipts,-9974.0,0.0,mixed/small
108156619,1,Sarthak Sharma ,Linh Le,submission_loss,-769.0,"[""SMOOTHIE_SHOP"", ""BRUNCH_SPOT""]",1.0,0,0,131617.0,26951.0,0,0,4,8.0,6.0,3.0,11.0,3.0,7.0,33.0,29.0,107666.0,0.0,0.0,292.0,12047.0,517.0,84.0,3479.0,84.0,0,0,0,249.0,59037.0,249.0,72.0,14267.0,72.0,78.0,4763.0,78.0,245.0,18103.0,245.0,161.0,5539.0,161.0,342.0,14382.0,0,26.0,85.0,802.0,15049.0,29781.0,56961.0,85636.0,107666.0,132771.0,27336.0,0,0,4,8.0,6.0,3.0,11.0,3.0,7.0,33.0,29.0,108435.0,0.0,0.0,305.0,12430.0,517.0,84.0,3479.0,84.0,0,0,0,249.0,59084.0,249.0,72.0,14267.0,72.0,78.0,4763.0,78.0,245.0,18804.0,245.0,161.0,5559.0,161.0,342.0,14385.0,0,26.0,85.0,802.0,15053.0,29988.0,57274.0,86261.0,108435.0,7118.0,7113.0,3479.0,3479.0,0,0,59037.0,59084.0,14267.0,14267.0,4763.0,4763.0,18103.0,18804.0,5539.0,5559.0,12600.0,12606.0,20240.0,20240.0,MILK_net_receipts,-701.0,0.0,mixed/small
108157626,0,Sarthak Sharma ,Darshan Makwana,submission_tie,0.0,"[""PET_CAFE"", ""FARMERS_MARKET""]",1.0,0,0,117805.0,26924.0,0,0,4,8.0,6.0,3.0,11.0,3.0,7.0,33.0,29.0,93881.0,0.0,0.0,292.0,11058.0,517.0,84.0,8602.0,84.0,0,0,0,249.0,51834.0,249.0,72.0,14267.0,72.0,78.0,3466.0,78.0,245.0,8640.0,245.0,161.0,5554.0,161.0,342.0,14384.0,0,26.0,85.0,802.0,13912.0,22850.0,45432.0,69635.0,93881.0,118188.0,27307.0,0,0,4,8.0,6.0,3.0,11.0,3.0,7.0,33.0,29.0,93881.0,0.0,0.0,305.0,11441.0,517.0,84.0,8602.0,84.0,0,0,0,249.0,51834.0,249.0,72.0,14267.0,72.0,78.0,3466.0,78.0,245.0,8640.0,245.0,161.0,5554.0,161.0,342.0,14384.0,0,26.0,85.0,802.0,13912.0,22850.0,45432.0,69635.0,93881.0,6154.0,6154.0,8602.0,8602.0,0,0,51834.0,51834.0,14267.0,14267.0,3466.0,3466.0,8640.0,8640.0,5554.0,5554.0,12604.0,12604.0,20240.0,20240.0,WHEAT_net_receipts,0.0,0.0,mixed/small
108158623,1,Sarthak Sharma ,Jacob Alstrup,submission_loss,-5.0,"[""SMOOTHIE_SHOP"", ""BRUNCH_SPOT""]",0.9916550764951322,0,0,158457.0,26924.0,0,0,4,8.0,6.0,3.0,11.0,3.0,7.0,33.0,29.0,134533.0,0.0,0.0,292.0,11698.0,517.0,84.0,3069.0,84.0,0,0,0,249.0,54717.0,249.0,72.0,14267.0,72.0,78.0,4173.0,78.0,245.0,24831.0,245.0,161.0,31318.0,161.0,342.0,14384.0,0,26.0,85.0,802.0,15139.0,32648.0,67923.0,105710.0,134533.0,158845.0,27307.0,0,0,4,8.0,6.0,3.0,11.0,3.0,7.0,33.0,29.0,134538.0,0.0,0.0,305.0,12081.0,517.0,84.0,3069.0,84.0,0,0,0,249.0,54717.0,249.0,72.0,14267.0,72.0,78.0,4173.0,78.0,245.0,24831.0,245.0,161.0,31318.0,161.0,347.0,14389.0,0,26.0,85.0,802.0,15139.0,32648.0,67923.0,105710.0,134538.0,6794.0,6794.0,3069.0,3069.0,0,0,54717.0,54717.0,14267.0,14267.0,4173.0,4173.0,24831.0,24831.0,31318.0,31318.0,12604.0,12609.0,20240.0,20240.0,FERTILIZER_net_receipts,-5.0,0.0,mixed/small
108159633,1,Sarthak Sharma ,Exposed,submission_loss,-4873.0,"[""YARN_STORE"", ""ICE_CREAM_SHOP""]",0.9902642559109874,0,0,123342.0,28507.0,1,0,7,6.0,11.0,0,12.0,3.0,7.0,33.0,27.0,97835.0,0.0,0.0,300.0,11873.0,528.0,75.0,4406.0,75.0,0,0,0,238.0,21611.0,249.0,72.0,14267.0,72.0,0,0,0,191.0,27563.0,191.0,278.0,30480.0,282.0,319.0,13142.0,0,26.0,85.0,802.0,16730.0,31260.0,67313.0,76349.0,97835.0,128597.0,28889.0,1,0,7,6.0,11.0,0,12.0,3.0,7.0,33.0,27.0,102708.0,0.0,0.0,316.0,12385.0,528.0,75.0,4410.0,75.0,0,0,0,243.0,22997.0,249.0,72.0,14267.0,72.0,0,0,0,191.0,28011.0,191.0,278.0,33373.0,282.0,326.0,13154.0,0,26.0,85.0,802.0,16730.0,31317.0,67607.0,79290.0,102708.0,6130.0,6260.0,4406.0,4410.0,0,0,21611.0,22997.0,14267.0,14267.0,0,0,27563.0,28011.0,30480.0,33373.0,12598.0,12610.0,22220.0,22220.0,WOOL_net_receipts,-2893.0,0.0,sheep-heavy
108160651,1,Sarthak Sharma ,JackChenghao,submission_win_control,9818.0,"[""YARN_STORE"", ""PET_CAFE""]",0.4089012517385257,0,0,131219.0,28938.0,1,0,21,6.0,11.0,0,12.0,3.0,7.0,33.0,29.0,105281.0,0.0,0.0,286.0,11194.0,508.0,84.0,5057.0,84.0,0,0,0,249.0,30805.0,249.0,72.0,14231.0,72.0,0,0,0,191.0,5851.0,191.0,271.0,50019.0,271.0,343.0,14062.0,0,26.0,85.0,802.0,14542.0,27320.0,61410.0,86062.0,105281.0,120681.0,28218.0,1,0,4,8.0,6.0,3.0,11.0,3.0,7.0,33.0,29.0,95463.0,0.0,0.0,356.0,13852.0,550.0,90.0,5444.0,90.0,0,0,0,249.0,30743.0,249.0,72.0,14278.0,72.0,78.0,4267.0,78.0,243.0,6914.0,243.0,161.0,30611.0,161.0,349.0,14572.0,0,26.0,85.0,802.0,14350.0,24702.0,52913.0,75897.0,95463.0,6342.0,8127.0,5057.0,5444.0,0,0,30805.0,30743.0,14231.0,14278.0,0,4267.0,5851.0,6914.0,50019.0,30611.0,12494.0,12675.0,22518.0,20596.0,EGG_net_receipts,-4267.0,0.0,mixed/small
108161641,1,Sarthak Sharma ,Jesse Bullard,submission_win_control,4142.0,"[""BAKERY"", ""FARMERS_MARKET""]",0.9248956884561892,0,0,116745.0,27151.0,0,0,4,8.0,6.0,3.0,11.0,3.0,7.0,33.0,29.0,92594.0,0.0,0.0,292.0,12813.0,517.0,84.0,4326.0,84.0,0,0,0,249.0,52219.0,249.0,72.0,14267.0,72.0,78.0,4543.0,78.0,245.0,8365.0,245.0,161.0,5689.0,161.0,342.0,14523.0,0,27.0,89.0,805.0,13708.0,21148.0,44108.0,70021.0,92594.0,112264.0,26812.0,3,7,10,8.0,6.0,3.0,11.0,3.0,8.0,33.0,29.0,88452.0,0.0,0.0,261.0,11657.0,496.0,83.0,4229.0,83.0,0,0,0,249.0,51586.0,249.0,72.0,14267.0,72.0,74.0,4298.0,74.0,241.0,6593.0,241.0,161.0,5364.0,161.0,345.0,14270.0,0,74.0,164.0,729.0,13232.0,19976.0,42782.0,67436.0,88452.0,7704.0,6890.0,4326.0,4229.0,0,0,52219.0,51586.0,14267.0,14267.0,4543.0,4298.0,8365.0,6593.0,5689.0,5364.0,12721.0,12465.0,20240.0,20240.0,TOMATO_net_receipts,0,0.0,mixed/small
108162677,0,Sarthak Sharma ,最强扫地僧,submission_loss,-8402.0,"[""ICE_CREAM_SHOP"", ""PET_CAFE""]",0.8122392211404729,0,0,141756.0,27084.0,0,0,4,8.0,6.0,3.0,11.0,3.0,7.0,33.0,29.0,117672.0,0.0,0.0,292.0,11440.0,517.0,84.0,5482.0,84.0,0,0,0,249.0,38268.0,249.0,72.0,14267.0,72.0,78.0,3480.0,78.0,245.0,48743.0,245.0,161.0,5513.0,161.0,342.0,14563.0,0,26.0,85.0,801.0,15055.0,32371.0,62628.0,91048.0,117672.0,152430.0,29356.0,0,0,5,9.0,5.0,3.0,12.0,3.0,7.0,33.0,29.0,126074.0,0.0,0.0,385.0,14889.0,580.0,104.0,6771.0,104.0,0,0,0,249.0,39868.0,249.0,72.0,14267.0,72.0,74.0,3315.0,78.0,266.0,53098.0,266.0,139.0,5553.0,139.0,351.0,14669.0,0,26.0,85.0,801.0,15171.0,32727.0,64101.0,95833.0,126074.0,6412.0,8919.0,5482.0,6771.0,0,0,38268.0,39868.0,14267.0,14267.0,3480.0,3315.0,48743.0,53098.0,5513.0,5553.0,12747.0,12389.0,20240.0,21106.0,MILK_net_receipts,-4355.0,0.0,mixed/small
108163715,0,Sarthak Sharma ,PLReddy23,submission_tie,0.0,"[""BRUNCH_SPOT"", ""PET_CAFE""]",1.0,0,0,115106.0,27025.0,0,0,4,8.0,6.0,3.0,11.0,3.0,7.0,33.0,29.0,91081.0,0.0,0.0,292.0,11463.0,517.0,84.0,5540.0,84.0,0,0,0,249.0,23586.0,249.0,72.0,14267.0,72.0,78.0,4259.0,78.0,245.0,4605.0,245.0,161.0,37002.0,161.0,342.0,14384.0,0,26.0,85.0,801.0,13711.0,23550.0,52920.0,70460.0,91081.0,115489.0,27408.0,0,0,4,8.0,6.0,3.0,11.0,3.0,7.0,33.0,29.0,91081.0,0.0,0.0,305.0,11846.0,517.0,84.0,5540.0,84.0,0,0,0,249.0,23586.0,249.0,72.0,14267.0,72.0,78.0,4259.0,78.0,245.0,4605.0,245.0,161.0,37002.0,161.0,342.0,14384.0,0,26.0,85.0,801.0,13711.0,23550.0,52920.0,70460.0,91081.0,6458.0,6458.0,5540.0,5540.0,0,0,23586.0,23586.0,14267.0,14267.0,4259.0,4259.0,4605.0,4605.0,37002.0,37002.0,12604.0,12604.0,20240.0,20240.0,WHEAT_net_receipts,0.0,0.0,mixed/small
108164815,1,Sarthak Sharma ,xuzenkun,submission_tie,0.0,"[""PET_CAFE"", ""YARN_STORE""]",1.0,0,0,119083.0,26436.0,0,0,23,6.0,10.0,0,12.0,3.0,7.0,33.0,29.0,95647.0,0.0,0.0,275.0,9495.0,517.0,84.0,5665.0,84.0,0,0,0,247.0,11200.0,247.0,72.0,14267.0,72.0,0,0,0,191.0,5968.0,191.0,251.0,58765.0,251.0,325.0,13723.0,0,26.0,85.0,802.0,16182.0,28178.0,52562.0,72532.0,95647.0,119466.0,26819.0,0,0,23,6.0,10.0,0,12.0,3.0,7.0,33.0,29.0,95647.0,0.0,0.0,288.0,9878.0,517.0,84.0,5665.0,84.0,0,0,0,247.0,11200.0,247.0,72.0,14267.0,72.0,0,0,0,191.0,5968.0,191.0,251.0,58765.0,251.0,325.0,13723.0,0,26.0,85.0,802.0,16182.0,28178.0,52562.0,72532.0,95647.0,6068.0,6068.0,5665.0,5665.0,0,0,11200.0,11200.0,14267.0,14267.0,0,0,5968.0,5968.0,58765.0,58765.0,12597.0,12597.0,21883.0,21883.0,WHEAT_net_receipts,0.0,0.0,sheep-heavy
108164716,1,Sarthak Sharma ,Jayanth Koppala,submission_loss,-4593.0,"[""ICE_CREAM_SHOP"", ""FARMERS_MARKET""]",0.9165507649513213,0,0,104737.0,27210.0,4,0,14,8.0,6.0,3.0,11.0,3.0,7.0,33.0,29.0,80527.0,0.0,0.0,301.0,12930.0,511.0,84.0,4386.0,84.0,0,0,0,237.0,35758.0,243.0,72.0,14267.0,72.0,72.0,4111.0,78.0,218.0,13782.0,218.0,153.0,5198.0,156.0,324.0,14305.0,0,4.0,93.0,719.0,14140.0,27301.0,49936.0,65700.0,80527.0,111723.0,29603.0,0,0,4,8.0,6.0,3.0,11.0,3.0,7.0,33.0,29.0,85120.0,1.0,0.0,371.0,15051.0,517.0,82.0,4296.0,82.0,0,0,0,249.0,38241.0,249.0,72.0,14267.0,72.0,74.0,4226.0,74.0,245.0,15141.0,245.0,161.0,5938.0,161.0,345.0,14563.0,0,51.0,111.0,826.0,14844.0,28322.0,52059.0,69511.0,85120.0,7798.0,7451.0,4386.0,4296.0,0,0,35758.0,38241.0,14267.0,14267.0,4111.0,4226.0,13782.0,15141.0,5198.0,5938.0,12457.0,12711.0,20230.0,20151.0,STRAWBERRY_net_receipts,-2483.0,0.0,mixed/small
108165625,1,Sarthak Sharma ,Szymon Kłapiński,submission_loss,-8372.0,"[""SMOOTHIE_SHOP"", ""PET_CAFE""]",0.8164116828929068,0,0,115597.0,26874.0,0,0,4,8.0,6.0,3.0,11.0,3.0,7.0,33.0,29.0,91723.0,0.0,0.0,292.0,10225.0,517.0,84.0,7186.0,84.0,0,0,0,249.0,41362.0,249.0,72.0,14267.0,72.0,78.0,3447.0,78.0,245.0,15866.0,245.0,161.0,8708.0,161.0,342.0,14536.0,0,26.0,85.0,802.0,15121.0,29503.0,54314.0,72856.0,91723.0,126000.0,28905.0,0,0,4,8.0,6.0,3.0,12.0,3.0,7.0,33.0,29.0,100095.0,0.0,0.0,377.0,13021.0,572.0,98.0,8393.0,98.0,0,0,0,249.0,42567.0,249.0,72.0,14267.0,72.0,78.0,3448.0,78.0,245.0,17220.0,245.0,161.0,12432.0,161.0,352.0,14652.0,0,26.0,85.0,802.0,15130.0,29902.0,56866.0,77834.0,100095.0,5405.0,7254.0,7186.0,8393.0,0,0,41362.0,42567.0,14267.0,14267.0,3447.0,3448.0,15866.0,17220.0,8708.0,12432.0,12722.0,12432.0,20240.0,20918.0,WOOL_net_receipts,-3724.0,0.0,mixed/small
108166692,0,Sarthak Sharma ,llllllc666,submission_tie,0.0,"[""PIZZA_SHOP"", ""YARN_STORE""]",1.0,0,0,99145.0,27457.0,1,0,18,6.0,11.0,0,12.0,3.0,7.0,33.0,29.0,74688.0,0.0,0.0,267.0,11384.0,517.0,84.0,3832.0,84.0,0,0,0,249.0,13607.0,249.0,72.0,14267.0,72.0,0,0,0,191.0,15333.0,191.0,272.0,26984.0,272.0,337.0,13738.0,0,26.0,85.0,801.0,16225.0,34154.0,57222.0,62213.0,74688.0,99528.0,27840.0,1,0,18,6.0,11.0,0,12.0,3.0,7.0,33.0,29.0,74688.0,0.0,0.0,280.0,11767.0,517.0,84.0,3832.0,84.0,0,0,0,249.0,13607.0,249.0,72.0,14267.0,72.0,0,0,0,191.0,15333.0,191.0,272.0,26984.0,272.0,337.0,13738.0,0,26.0,85.0,801.0,16225.0,34154.0,57222.0,62213.0,74688.0,7405.0,7405.0,3832.0,3832.0,0,0,13607.0,13607.0,14267.0,14267.0,0,0,15333.0,15333.0,26984.0,26984.0,12609.0,12609.0,22349.0,22349.0,WHEAT_net_receipts,0.0,0.0,sheep-heavy
108167694,0,Sarthak Sharma ,__Taichicchi__,submission_tie,0.0,"[""SMOOTHIE_SHOP"", ""PET_CAFE""]",1.0,0,0,118288.0,26842.0,0,0,4,8.0,6.0,3.0,11.0,3.0,7.0,33.0,29.0,94446.0,0.0,0.0,292.0,9276.0,517.0,84.0,5278.0,84.0,0,0,0,249.0,23542.0,249.0,72.0,14267.0,72.0,78.0,4049.0,78.0,245.0,12203.0,245.0,161.0,35289.0,161.0,342.0,14384.0,0,26.0,85.0,802.0,15130.0,29707.0,58968.0,75642.0,94446.0,118671.0,27225.0,0,0,4,8.0,6.0,3.0,11.0,3.0,7.0,33.0,29.0,94446.0,0.0,0.0,305.0,9659.0,517.0,84.0,5278.0,84.0,0,0,0,249.0,23542.0,249.0,72.0,14267.0,72.0,78.0,4049.0,78.0,245.0,12203.0,245.0,161.0,35289.0,161.0,342.0,14384.0,0,26.0,85.0,802.0,15130.0,29707.0,58968.0,75642.0,94446.0,4454.0,4454.0,5278.0,5278.0,0,0,23542.0,23542.0,14267.0,14267.0,4049.0,4049.0,12203.0,12203.0,35289.0,35289.0,12604.0,12604.0,20240.0,20240.0,WHEAT_net_receipts,0.0,0.0,mixed/small
108168684,0,Sarthak Sharma ,GaoKui,submission_tie,0.0,"[""SMOOTHIE_SHOP"", ""BAKERY""]",1.0,0,0,110131.0,26951.0,0,0,4,8.0,6.0,3.0,11.0,3.0,7.0,33.0,29.0,86180.0,0.0,0.0,292.0,11960.0,517.0,84.0,2751.0,84.0,0,0,0,249.0,29507.0,249.0,72.0,14267.0,72.0,78.0,4678.0,78.0,245.0,25506.0,245.0,161.0,7078.0,161.0,342.0,14384.0,0,26.0,85.0,802.0,15130.0,31458.0,56663.0,73099.0,86180.0,110514.0,27334.0,0,0,4,8.0,6.0,3.0,11.0,3.0,7.0,33.0,29.0,86180.0,0.0,0.0,305.0,12343.0,517.0,84.0,2751.0,84.0,0,0,0,249.0,29507.0,249.0,72.0,14267.0,72.0,78.0,4678.0,78.0,245.0,25506.0,245.0,161.0,7078.0,161.0,342.0,14384.0,0,26.0,85.0,802.0,15130.0,31458.0,56663.0,73099.0,86180.0,7029.0,7029.0,2751.0,2751.0,0,0,29507.0,29507.0,14267.0,14267.0,4678.0,4678.0,25506.0,25506.0,7078.0,7078.0,12604.0,12604.0,20240.0,20240.0,WHEAT_net_receipts,0.0,0.0,mixed/small
108169680,1,Sarthak Sharma ,Liyi xin jie,submission_win_control,14273.0,"[""PIZZA_SHOP"", ""PIZZA_SHOP""]",0.030598052851182198,0,0,152328.0,27371.0,0,0,4,8.0,6.0,3.0,11.0,3.0,7.0,33.0,29.0,127957.0,0.0,0.0,292.0,13200.0,517.0,84.0,3205.0,84.0,0,0,0,249.0,33321.0,249.0,72.0,14267.0,72.0,78.0,3417.0,78.0,245.0,62855.0,245.0,161.0,6133.0,161.0,342.0,15930.0,0,24.0,82.0,798.0,15352.0,35180.0,67021.0,95495.0,127957.0,150761.0,40077.0,2,0,8,9.0,6.0,3.0,13.0,3.0,25.0,33.0,15.0,113684.0,0.0,4.0,445.0,16399.0,303.0,67.0,2447.0,67.0,148.0,16308.0,148.0,248.0,25050.0,248.0,72.0,14267.0,72.0,83.0,3693.0,83.0,222.0,55683.0,222.0,158.0,4826.0,158.0,241.0,12088.0,0,24.0,50.0,211.0,15227.0,28005.0,56463.0,86321.0,113684.0,8068.0,-754.0,3205.0,2447.0,0,16308.0,33321.0,25050.0,14267.0,14267.0,3417.0,3693.0,62855.0,55683.0,6133.0,4826.0,13931.0,11156.0,20240.0,21992.0,TOMATO_net_receipts,-16308.0,0.0,mixed/small
108170675,1,Sarthak Sharma ,HaoChi,submission_win_control,2779.0,"[""PET_CAFE"", ""SMOOTHIE_SHOP""]",0.9346314325452016,0,0,152728.0,26835.0,0,0,4,8.0,6.0,3.0,11.0,3.0,7.0,33.0,29.0,128893.0,0.0,0.0,292.0,9204.0,517.0,84.0,5321.0,84.0,0,0,0,249.0,50616.0,249.0,72.0,14267.0,72.0,78.0,3543.0,78.0,245.0,49630.0,245.0,161.0,5624.0,161.0,342.0,14523.0,0,26.0,85.0,802.0,14931.0,31664.0,62730.0,97383.0,128893.0,150335.0,27221.0,0,0,4,8.0,6.0,3.0,11.0,3.0,7.0,33.0,29.0,126114.0,0.0,0.0,305.0,9540.0,517.0,83.0,5226.0,83.0,0,0,0,249.0,50017.0,249.0,72.0,14267.0,72.0,74.0,3370.0,74.0,245.0,48214.0,245.0,161.0,5431.0,161.0,345.0,14270.0,0,26.0,85.0,801.0,14648.0,30226.0,61188.0,95468.0,126114.0,4411.0,4364.0,5321.0,5226.0,0,0,50616.0,50017.0,14267.0,14267.0,3543.0,3370.0,49630.0,48214.0,5624.0,5431.0,12721.0,12465.0,20240.0,20240.0,TOMATO_net_receipts,0,0.0,mixed/small
108171686,1,Sarthak Sharma ,Harshini Reddy,submission_loss,-5.0,"[""BAKERY"", ""SMOOTHIE_SHOP""]",0.9916550764951322,0,0,125334.0,27049.0,0,0,4,8.0,6.0,3.0,11.0,3.0,7.0,33.0,29.0,101285.0,0.0,0.0,292.0,11289.0,517.0,84.0,2751.0,84.0,0,0,0,249.0,37714.0,249.0,72.0,14267.0,72.0,78.0,4617.0,78.0,245.0,12977.0,245.0,161.0,27335.0,161.0,342.0,14384.0,0,26.0,85.0,801.0,14550.0,26927.0,53240.0,78356.0,101285.0,125722.0,27432.0,0,0,4,8.0,6.0,3.0,11.0,3.0,7.0,33.0,29.0,101290.0,0.0,0.0,305.0,11672.0,517.0,84.0,2751.0,84.0,0,0,0,249.0,37714.0,249.0,72.0,14267.0,72.0,78.0,4617.0,78.0,245.0,12977.0,245.0,161.0,27335.0,161.0,347.0,14389.0,0,26.0,85.0,801.0,14550.0,26927.0,53240.0,78356.0,101290.0,6260.0,6260.0,2751.0,2751.0,0,0,37714.0,37714.0,14267.0,14267.0,4617.0,4617.0,12977.0,12977.0,27335.0,27335.0,12604.0,12609.0,20240.0,20240.0,FERTILIZER_net_receipts,-5.0,0.0,mixed/small
108172691,1,Sarthak Sharma ,luxinyayaya,submission_tie,0.0,"[""BRUNCH_SPOT"", ""PIZZA_SHOP""]",1.0,0,0,123684.0,27137.0,0,0,4,8.0,6.0,3.0,11.0,3.0,7.0,33.0,29.0,99547.0,0.0,0.0,292.0,13070.0,517.0,84.0,3832.0,84.0,0,0,0,249.0,52198.0,249.0,72.0,14267.0,72.0,78.0,4499.0,78.0,245.0,15880.0,245.0,161.0,5554.0,161.0,342.0,14384.0,0,26.0,85.0,801.0,14629.0,29321.0,54589.0,79292.0,99547.0,124067.0,27520.0,0,0,4,8.0,6.0,3.0,11.0,3.0,7.0,33.0,29.0,99547.0,0.0,0.0,305.0,13453.0,517.0,84.0,3832.0,84.0,0,0,0,249.0,52198.0,249.0,72.0,14267.0,72.0,78.0,4499.0,78.0,245.0,15880.0,245.0,161.0,5554.0,161.0,342.0,14384.0,0,26.0,85.0,801.0,14629.0,29321.0,54589.0,79292.0,99547.0,7953.0,7953.0,3832.0,3832.0,0,0,52198.0,52198.0,14267.0,14267.0,4499.0,4499.0,15880.0,15880.0,5554.0,5554.0,12604.0,12604.0,20240.0,20240.0,WHEAT_net_receipts,0.0,0.0,mixed/small
108173685,0,Sarthak Sharma ,Riva Kajangu,submission_win_control,11226.0,"[""PET_CAFE"", ""PET_CAFE""]",0.009735744089012517,0,0,116010.0,26524.0,0,0,4,8.0,6.0,3.0,11.0,3.0,7.0,33.0,29.0,92486.0,0.0,0.0,292.0,9883.0,517.0,84.0,6088.0,84.0,0,0,0,249.0,33709.0,249.0,72.0,17117.0,72.0,78.0,3335.0,78.0,245.0,23460.0,245.0,161.0,7607.0,161.0,342.0,14811.0,0,27.0,90.0,774.0,15470.0,25151.0,43800.0,62965.0,92486.0,109196.0,30936.0,0,1,5,5.0,10.0,4.0,12.0,3.0,4.0,20.0,40.0,81260.0,3.0,0.0,318.0,10621.0,447.0,295.0,24775.0,298.0,106.0,7804.0,106.0,108.0,16365.0,115.0,95.0,13606.0,95.0,142.0,6169.0,142.0,122.0,12056.0,122.0,196.0,5686.0,196.0,217.0,12114.0,0,39.0,625.0,187.0,3474.0,19434.0,35550.0,52112.0,81260.0,5452.0,3956.0,6088.0,24775.0,0,7804.0,33709.0,16365.0,17117.0,13606.0,3335.0,6169.0,23460.0,12056.0,7607.0,5686.0,12958.0,12114.0,20240.0,24271.0,CARROT_net_receipts,-18687.0,0.0,sheep-heavy
108174699,1,Sarthak Sharma ,ZJUwlm,submission_tie,0.0,"[""BRUNCH_SPOT"", ""BAKERY""]",1.0,0,0,104607.0,27137.0,0,0,4,8.0,6.0,3.0,11.0,3.0,7.0,33.0,29.0,80470.0,0.0,0.0,292.0,12219.0,517.0,84.0,2912.0,84.0,0,0,0,249.0,16184.0,249.0,72.0,14267.0,72.0,78.0,5097.0,78.0,245.0,4547.0,245.0,161.0,34997.0,161.0,342.0,14384.0,0,26.0,85.0,801.0,13568.0,22248.0,47017.0,61662.0,80470.0,104990.0,27520.0,0,0,4,8.0,6.0,3.0,11.0,3.0,7.0,33.0,29.0,80470.0,0.0,0.0,305.0,12602.0,517.0,84.0,2912.0,84.0,0,0,0,249.0,16184.0,249.0,72.0,14267.0,72.0,78.0,5097.0,78.0,245.0,4547.0,245.0,161.0,34997.0,161.0,342.0,14384.0,0,26.0,85.0,801.0,13568.0,22248.0,47017.0,61662.0,80470.0,7102.0,7102.0,2912.0,2912.0,0,0,16184.0,16184.0,14267.0,14267.0,5097.0,5097.0,4547.0,4547.0,34997.0,34997.0,12604.0,12604.0,20240.0,20240.0,WHEAT_net_receipts,0.0,0.0,mixed/small
108175702,0,Sarthak Sharma ,Durlabh_Jha,submission_loss,-6572.0,"[""SMOOTHIE_SHOP"", ""PIZZA_SHOP""]",0.6369958275382476,0,0,150235.0,26958.0,0,0,4,8.0,6.0,3.0,11.0,3.0,7.0,33.0,29.0,126277.0,0.0,0.0,292.0,11217.0,517.0,84.0,2322.0,84.0,0,0,0,249.0,13189.0,249.0,72.0,14267.0,72.0,78.0,3465.0,78.0,245.0,57014.0,245.0,161.0,34415.0,161.0,342.0,14346.0,0,26.0,85.0,802.0,15398.0,35557.0,68932.0,95932.0,126277.0,165491.0,35642.0,0,0,4,8.0,6.0,3.0,14.0,4.0,7.0,33.0,29.0,132849.0,0.0,0.0,305.0,11605.0,517.0,84.0,2354.0,84.0,80.0,11527.0,80.0,249.0,15681.0,249.0,72.0,14267.0,72.0,78.0,3467.0,78.0,245.0,57360.0,245.0,161.0,34727.0,161.0,347.0,14503.0,0,26.0,85.0,802.0,15403.0,35789.0,65023.0,91822.0,132849.0,6289.0,6286.0,2322.0,2354.0,0,11527.0,13189.0,15681.0,14267.0,14267.0,3465.0,3467.0,57014.0,57360.0,34415.0,34727.0,12556.0,12614.0,20240.0,28434.0,TOMATO_net_receipts,-11527.0,0.0,mixed/small
108176698,0,Sarthak Sharma ,Egor Trushin,submission_loss,-35.0,"[""YARN_STORE"", ""PIZZA_SHOP""]",0.9819193324061196,0,0,136929.0,27386.0,1,0,18,6.0,11.0,0,12.0,3.0,7.0,33.0,29.0,112543.0,0.0,0.0,267.0,9587.0,517.0,84.0,2337.0,84.0,0,0,0,249.0,5531.0,249.0,72.0,14267.0,72.0,0,0,0,191.0,24584.0,191.0,272.0,66885.0,272.0,337.0,13738.0,0,26.0,85.0,802.0,16023.0,32733.0,57046.0,83602.0,112543.0,137347.0,27769.0,1,0,17,6.0,11.0,0,12.0,3.0,7.0,33.0,29.0,112578.0,0.0,0.0,280.0,9970.0,517.0,85.0,2362.0,85.0,0,0,0,249.0,5531.0,249.0,72.0,14267.0,72.0,0,0,0,191.0,24584.0,191.0,272.0,66885.0,272.0,347.0,13748.0,0,26.0,85.0,802.0,16023.0,32733.0,57046.0,83602.0,112578.0,5713.0,5713.0,2337.0,2362.0,0,0,5531.0,5531.0,14267.0,14267.0,0,0,24584.0,24584.0,66885.0,66885.0,12609.0,12619.0,22383.0,22383.0,CARROT_net_receipts,-25.0,0.0,sheep-heavy
108177751,1,Sarthak Sharma ,ERS,submission_tie,0.0,"[""YARN_STORE"", ""BAKERY""]",1.0,0,0,87205.0,28533.0,1,0,7,6.0,11.0,0,12.0,3.0,7.0,33.0,27.0,61672.0,0.0,0.0,300.0,11893.0,528.0,75.0,4598.0,75.0,0,0,0,238.0,4120.0,249.0,72.0,14267.0,72.0,0,0,0,191.0,6673.0,191.0,278.0,32509.0,282.0,319.0,13145.0,0,26.0,85.0,802.0,15696.0,27794.0,45734.0,50149.0,61672.0,87588.0,28916.0,1,0,7,6.0,11.0,0,12.0,3.0,7.0,33.0,27.0,61672.0,0.0,0.0,313.0,12276.0,528.0,75.0,4598.0,75.0,0,0,0,238.0,4120.0,249.0,72.0,14267.0,72.0,0,0,0,191.0,6673.0,191.0,278.0,32509.0,282.0,319.0,13145.0,0,26.0,85.0,802.0,15696.0,27794.0,45734.0,50149.0,61672.0,6122.0,6122.0,4598.0,4598.0,0,0,4120.0,4120.0,14267.0,14267.0,0,0,6673.0,6673.0,32509.0,32509.0,12603.0,12603.0,22220.0,22220.0,WHEAT_net_receipts,0.0,0.0,sheep-heavy
108178700,0,Sarthak Sharma ,AdrianWang2003,submission_tie,0.0,"[""PIZZA_SHOP"", ""BRUNCH_SPOT""]",1.0,0,0,123348.0,27116.0,0,0,4,8.0,6.0,3.0,11.0,3.0,7.0,33.0,29.0,99232.0,0.0,0.0,292.0,12079.0,517.0,84.0,4154.0,84.0,0,0,0,249.0,25699.0,249.0,72.0,14267.0,72.0,78.0,4132.0,78.0,245.0,14481.0,245.0,161.0,34152.0,161.0,342.0,14384.0,0,26.0,85.0,801.0,15014.0,30894.0,60414.0,78686.0,99232.0,123731.0,27499.0,0,0,4,8.0,6.0,3.0,11.0,3.0,7.0,33.0,29.0,99232.0,0.0,0.0,305.0,12462.0,517.0,84.0,4154.0,84.0,0,0,0,249.0,25699.0,249.0,72.0,14267.0,72.0,78.0,4132.0,78.0,245.0,14481.0,245.0,161.0,34152.0,161.0,342.0,14384.0,0,26.0,85.0,801.0,15014.0,30894.0,60414.0,78686.0,99232.0,6983.0,6983.0,4154.0,4154.0,0,0,25699.0,25699.0,14267.0,14267.0,4132.0,4132.0,14481.0,14481.0,34152.0,34152.0,12604.0,12604.0,20240.0,20240.0,WHEAT_net_receipts,0.0,0.0,mixed/small
108179709,0,Sarthak Sharma ,Dipin Kothavoor,submission_tie,0.0,"[""FARMERS_MARKET"", ""BAKERY""]",1.0,0,0,108697.0,27116.0,0,0,4,8.0,6.0,3.0,11.0,3.0,7.0,33.0,29.0,84581.0,0.0,0.0,292.0,12412.0,517.0,84.0,4277.0,84.0,0,0,0,249.0,22076.0,249.0,72.0,14267.0,72.0,78.0,4492.0,78.0,245.0,5471.0,245.0,161.0,31318.0,161.0,342.0,14384.0,0,26.0,85.0,801.0,13651.0,23475.0,51260.0,66451.0,84581.0,109080.0,27499.0,0,0,4,8.0,6.0,3.0,11.0,3.0,7.0,33.0,29.0,84581.0,0.0,0.0,305.0,12795.0,517.0,84.0,4277.0,84.0,0,0,0,249.0,22076.0,249.0,72.0,14267.0,72.0,78.0,4492.0,78.0,245.0,5471.0,245.0,161.0,31318.0,161.0,342.0,14384.0,0,26.0,85.0,801.0,13651.0,23475.0,51260.0,66451.0,84581.0,7316.0,7316.0,4277.0,4277.0,0,0,22076.0,22076.0,14267.0,14267.0,4492.0,4492.0,5471.0,5471.0,31318.0,31318.0,12604.0,12604.0,20240.0,20240.0,WHEAT_net_receipts,0.0,0.0,mixed/small
108180714,1,Sarthak Sharma ,氷見 和,submission_tie,0.0,"[""YARN_STORE"", ""BAKERY""]",0.9930458970792768,0,0,102010.0,28583.0,1,0,7,6.0,11.0,0,12.0,3.0,7.0,33.0,27.0,76427.0,0.0,0.0,300.0,12151.0,528.0,75.0,2143.0,75.0,0,0,0,238.0,8771.0,249.0,72.0,14267.0,72.0,0,0,0,191.0,19024.0,191.0,278.0,32509.0,282.0,319.0,13145.0,0,26.0,85.0,802.0,15927.0,29922.0,55191.0,61689.0,76427.0,102393.0,28966.0,1,0,7,6.0,11.0,0,12.0,3.0,7.0,33.0,27.0,76427.0,0.0,0.0,313.0,12534.0,528.0,75.0,2143.0,75.0,0,0,0,238.0,8771.0,249.0,72.0,14267.0,72.0,0,0,0,191.0,19024.0,191.0,278.0,32509.0,282.0,319.0,13145.0,0,26.0,85.0,802.0,15927.0,29922.0,55191.0,61689.0,76427.0,6330.0,6330.0,2143.0,2143.0,0,0,8771.0,8771.0,14267.0,14267.0,0,0,19024.0,19024.0,32509.0,32509.0,12603.0,12603.0,22220.0,22220.0,WHEAT_net_receipts,0.0,0.0,sheep-heavy
108181711,0,Sarthak Sharma ,RIVEN23,submission_win_control,4249.0,"[""FARMERS_MARKET"", ""BRUNCH_SPOT""]",0.9429763560500696,0,0,133198.0,27159.0,0,0,4,8.0,6.0,3.0,11.0,3.0,7.0,33.0,29.0,109039.0,0.0,0.0,292.0,12032.0,517.0,84.0,4527.0,84.0,0,0,0,249.0,55596.0,249.0,72.0,14267.0,72.0,78.0,4140.0,78.0,245.0,11044.0,245.0,161.0,17069.0,161.0,342.0,14523.0,0,26.0,85.0,801.0,13863.0,25014.0,52436.0,82094.0,109039.0,129336.0,27546.0,0,0,4,8.0,6.0,3.0,11.0,3.0,7.0,33.0,29.0,104790.0,0.0,0.0,305.0,12405.0,517.0,84.0,4484.0,84.0,0,0,0,249.0,55000.0,249.0,72.0,14267.0,72.0,74.0,3931.0,74.0,245.0,8960.0,245.0,161.0,16019.0,161.0,345.0,14270.0,0,26.0,85.0,800.0,13580.0,23325.0,50697.0,79286.0,104790.0,6915.0,6904.0,4527.0,4484.0,0,0,55596.0,55000.0,14267.0,14267.0,4140.0,3931.0,11044.0,8960.0,17069.0,16019.0,12721.0,12465.0,20240.0,20240.0,TOMATO_net_receipts,0,0.0,mixed/small
108182680,0,Sarthak Sharma ,Akira Hirohashi,submission_loss,-6.0,"[""BRUNCH_SPOT"", ""ICE_CREAM_SHOP""]",0.9902642559109874,0,0,141517.0,27137.0,0,0,4,8.0,6.0,3.0,11.0,3.0,7.0,33.0,29.0,117380.0,0.0,0.0,292.0,12369.0,517.0,84.0,2339.0,84.0,0,0,0,249.0,52017.0,249.0,72.0,14267.0,72.0,78.0,4499.0,78.0,245.0,23277.0,245.0,161.0,18365.0,161.0,342.0,14384.0,0,26.0,85.0,801.0,14629.0,31175.0,65554.0,98061.0,117380.0,141906.0,27520.0,0,0,4,8.0,6.0,3.0,11.0,3.0,7.0,33.0,29.0,117386.0,0.0,0.0,305.0,12752.0,517.0,84.0,2339.0,84.0,0,0,0,249.0,52017.0,249.0,72.0,14267.0,72.0,78.0,4499.0,78.0,245.0,23277.0,245.0,161.0,18365.0,161.0,348.0,14390.0,0,26.0,85.0,801.0,14629.0,31175.0,65554.0,98061.0,117386.0,7252.0,7252.0,2339.0,2339.0,0,0,52017.0,52017.0,14267.0,14267.0,4499.0,4499.0,23277.0,23277.0,18365.0,18365.0,12604.0,12610.0,20240.0,20240.0,FERTILIZER_net_receipts,-6.0,0.0,mixed/small
108182687,0,Sarthak Sharma ,Benjamin H Pepper,submission_win_control,6107.0,"[""SMOOTHIE_SHOP"", ""YARN_STORE""]",0.45479833101529904,0,0,193823.0,27244.0,1,0,18,6.0,11.0,0,12.0,3.0,7.0,33.0,29.0,169579.0,0.0,0.0,267.0,10217.0,517.0,84.0,2341.0,84.0,0,0,0,249.0,47328.0,249.0,72.0,14267.0,72.0,0,0,0,191.0,43853.0,191.0,272.0,62240.0,272.0,336.0,13577.0,0,26.0,85.0,802.0,16323.0,37360.0,82870.0,131482.0,169579.0,187685.0,27213.0,0,0,4,8.0,6.0,3.0,11.0,3.0,7.0,33.0,29.0,163472.0,0.0,0.0,305.0,11591.0,517.0,83.0,2313.0,83.0,0,0,0,249.0,47932.0,249.0,72.0,14267.0,72.0,74.0,3521.0,74.0,245.0,56786.0,245.0,161.0,36798.0,161.0,346.0,14477.0,0,26.0,85.0,801.0,15718.0,36618.0,79742.0,125232.0,163472.0,6376.0,6435.0,2341.0,2313.0,0,0,47328.0,47932.0,14267.0,14267.0,0,3521.0,43853.0,56786.0,62240.0,36798.0,12523.0,12660.0,22349.0,20240.0,MILK_net_receipts,-12933.0,0.0,mixed/small
108183760,0,Sarthak Sharma ,珍珠,submission_tie,0.0,"[""ICE_CREAM_SHOP"", ""BAKERY""]",1.0,0,0,114453.0,27116.0,0,0,4,8.0,6.0,3.0,11.0,3.0,7.0,33.0,29.0,90337.0,0.0,0.0,292.0,12240.0,517.0,84.0,2339.0,84.0,0,0,0,249.0,13220.0,249.0,72.0,14267.0,72.0,78.0,4365.0,78.0,245.0,17213.0,245.0,161.0,36425.0,161.0,342.0,14384.0,0,26.0,85.0,801.0,15014.0,32314.0,58232.0,72856.0,90337.0,114836.0,27499.0,0,0,4,8.0,6.0,3.0,11.0,3.0,7.0,33.0,29.0,90337.0,0.0,0.0,305.0,12623.0,517.0,84.0,2339.0,84.0,0,0,0,249.0,13220.0,249.0,72.0,14267.0,72.0,78.0,4365.0,78.0,245.0,17213.0,245.0,161.0,36425.0,161.0,342.0,14384.0,0,26.0,85.0,801.0,15014.0,32314.0,58232.0,72856.0,90337.0,7144.0,7144.0,2339.0,2339.0,0,0,13220.0,13220.0,14267.0,14267.0,4365.0,4365.0,17213.0,17213.0,36425.0,36425.0,12604.0,12604.0,20240.0,20240.0,WHEAT_net_receipts,0.0,0.0,mixed/small
108184739,1,Sarthak Sharma ,Noir,submission_loss,-5.0,"[""FARMERS_MARKET"", ""SMOOTHIE_SHOP""]",0.9916550764951322,0,0,128675.0,27049.0,0,0,4,8.0,6.0,3.0,11.0,3.0,7.0,33.0,29.0,104626.0,0.0,0.0,292.0,12290.0,517.0,84.0,4420.0,84.0,0,0,0,249.0,58405.0,249.0,72.0,14267.0,72.0,78.0,4033.0,78.0,245.0,12977.0,245.0,161.0,7899.0,161.0,342.0,14384.0,0,26.0,85.0,801.0,14550.0,27139.0,52965.0,81743.0,104626.0,129063.0,27432.0,0,0,4,8.0,6.0,3.0,11.0,3.0,7.0,33.0,29.0,104631.0,0.0,0.0,305.0,12673.0,517.0,84.0,4420.0,84.0,0,0,0,249.0,58405.0,249.0,72.0,14267.0,72.0,78.0,4033.0,78.0,245.0,12977.0,245.0,161.0,7899.0,161.0,347.0,14389.0,0,26.0,85.0,801.0,14550.0,27139.0,52965.0,81743.0,104631.0,7261.0,7261.0,4420.0,4420.0,0,0,58405.0,58405.0,14267.0,14267.0,4033.0,4033.0,12977.0,12977.0,7899.0,7899.0,12604.0,12609.0,20240.0,20240.0,FERTILIZER_net_receipts,-5.0,0.0,mixed/small
108185753,1,Sarthak Sharma ,Sinh Nguyễn Đức,submission_loss,-5.0,"[""BRUNCH_SPOT"", ""PET_CAFE""]",0.9916550764951322,0,0,92301.0,27049.0,0,0,4,8.0,6.0,3.0,11.0,3.0,7.0,33.0,29.0,68252.0,0.0,0.0,292.0,11953.0,517.0,84.0,7358.0,84.0,0,0,0,249.0,24749.0,249.0,72.0,14267.0,72.0,78.0,4216.0,78.0,245.0,7475.0,245.0,161.0,7899.0,161.0,342.0,14384.0,0,26.0,85.0,801.0,13834.0,22708.0,42570.0,51899.0,68252.0,92689.0,27432.0,0,0,4,8.0,6.0,3.0,11.0,3.0,7.0,33.0,29.0,68257.0,0.0,0.0,305.0,12336.0,517.0,84.0,7358.0,84.0,0,0,0,249.0,24749.0,249.0,72.0,14267.0,72.0,78.0,4216.0,78.0,245.0,7475.0,245.0,161.0,7899.0,161.0,347.0,14389.0,0,26.0,85.0,801.0,13834.0,22708.0,42570.0,51899.0,68257.0,6924.0,6924.0,7358.0,7358.0,0,0,24749.0,24749.0,14267.0,14267.0,4216.0,4216.0,7475.0,7475.0,7899.0,7899.0,12604.0,12609.0,20240.0,20240.0,FERTILIZER_net_receipts,-5.0,0.0,mixed/small
108186760,1,Sarthak Sharma ,MKGA,submission_win_control,1267.0,"[""BRUNCH_SPOT"", ""FARMERS_MARKET""]",0.9902642559109874,0,0,116043.0,27139.0,0,0,4,8.0,6.0,3.0,11.0,3.0,7.0,33.0,29.0,91904.0,0.0,0.0,292.0,12642.0,517.0,84.0,4379.0,84.0,0,0,0,249.0,50238.0,249.0,72.0,14267.0,72.0,78.0,4526.0,78.0,245.0,8168.0,245.0,161.0,7518.0,161.0,342.0,14305.0,0,26.0,85.0,801.0,13765.0,22691.0,46214.0,71093.0,91904.0,115165.0,27528.0,0,0,4,8.0,6.0,3.0,11.0,3.0,7.0,33.0,29.0,90637.0,0.0,0.0,305.0,13038.0,517.0,84.0,4391.0,84.0,0,0,0,249.0,50049.0,249.0,72.0,14267.0,72.0,78.0,4525.0,78.0,245.0,7531.0,245.0,161.0,6904.0,161.0,356.0,14460.0,0,26.0,85.0,801.0,13775.0,23034.0,46744.0,70560.0,90637.0,7526.0,7535.0,4379.0,4391.0,0,0,50238.0,50049.0,14267.0,14267.0,4526.0,4525.0,8168.0,7531.0,7518.0,6904.0,12522.0,12675.0,20240.0,20240.0,FERTILIZER_net_receipts,-153.0,0.0,mixed/small
108187787,1,Sarthak Sharma ,Atakan Aldemir,submission_win_control,4284.0,"[""ICE_CREAM_SHOP"", ""PET_CAFE""]",0.043115438108484005,0,0,134723.0,27199.0,0,0,4,8.0,6.0,3.0,11.0,3.0,7.0,33.0,29.0,110524.0,0.0,0.0,292.0,11389.0,517.0,84.0,4129.0,84.0,0,0,0,249.0,41362.0,249.0,72.0,14267.0,72.0,78.0,4372.0,78.0,245.0,20778.0,245.0,161.0,22941.0,161.0,342.0,15485.0,0,27.0,88.0,806.0,15122.0,31106.0,61277.0,87732.0,110524.0,134699.0,31459.0,0,0,0,9.0,8.0,0,12.0,3.0,1.0,33.0,17.0,106240.0,26.0,0.0,418.0,16186.0,571.0,132.0,6200.0,132.0,28.0,1699.0,31.0,260.0,36598.0,260.0,90.0,15886.0,90.0,0,0,0,184.0,17125.0,184.0,208.0,27995.0,208.0,244.0,13010.0,0,46.0,260.0,844.0,14500.0,26769.0,58413.0,83263.0,106240.0,6390.0,9654.0,4129.0,6200.0,0,1699.0,41362.0,36598.0,14267.0,15886.0,4372.0,0,20778.0,17125.0,22941.0,27995.0,13525.0,11540.0,20240.0,23457.0,WOOL_net_receipts,-5054.0,0.0,mixed/small
108187765,0,Sarthak Sharma ,Juan Leiva,submission_tie,0.0,"[""YARN_STORE"", ""YARN_STORE""]",0.9791376912378303,0,0,127652.0,28620.0,11,0,38,4.0,12.0,0,12.0,3.0,7.0,32.0,23.0,102032.0,0.0,0.0,320.0,10386.0,514.0,66.0,2840.0,66.0,0,0,0,228.0,5592.0,228.0,72.0,14267.0,72.0,0,0,0,114.0,8586.0,114.0,292.0,72408.0,292.0,311.0,13573.0,0,26.0,85.0,802.0,14464.0,26817.0,51253.0,76171.0,102032.0,128035.0,29003.0,11,0,38,4.0,12.0,0,12.0,3.0,7.0,32.0,23.0,102032.0,0.0,0.0,333.0,10769.0,514.0,66.0,2840.0,66.0,0,0,0,228.0,5592.0,228.0,72.0,14267.0,72.0,0,0,0,114.0,8586.0,114.0,292.0,72408.0,292.0,311.0,13573.0,0,26.0,85.0,802.0,14464.0,26817.0,51253.0,76171.0,102032.0,5753.0,5753.0,2840.0,2840.0,0,0,5592.0,5592.0,14267.0,14267.0,0,0,8586.0,8586.0,72408.0,72408.0,12601.0,12601.0,23015.0,23015.0,WHEAT_net_receipts,0.0,0.0,sheep-heavy
108187759,0,Sarthak Sharma ,Raef Guizani,submission_loss,-8002.0,"[""YARN_STORE"", ""BAKERY""]",0.9902642559109874,0,0,107839.0,28470.0,1,0,7,6.0,11.0,0,12.0,3.0,7.0,33.0,27.0,82369.0,0.0,0.0,300.0,11640.0,528.0,75.0,2389.0,75.0,0,0,0,238.0,15405.0,249.0,72.0,14267.0,72.0,0,0,0,191.0,13298.0,191.0,278.0,37698.0,282.0,319.0,13142.0,0,26.0,85.0,802.0,15936.0,29443.0,59008.0,68355.0,82369.0,116224.0,28853.0,1,0,7,6.0,11.0,0,12.0,3.0,7.0,33.0,27.0,90371.0,0.0,0.0,316.0,12147.0,528.0,75.0,2395.0,75.0,0,0,0,243.0,16747.0,249.0,72.0,14267.0,72.0,0,0,0,191.0,14309.0,191.0,278.0,43205.0,282.0,326.0,13154.0,0,26.0,85.0,802.0,15936.0,29502.0,59343.0,72125.0,90371.0,5934.0,6058.0,2389.0,2395.0,0,0,15405.0,16747.0,14267.0,14267.0,0,0,13298.0,14309.0,37698.0,43205.0,12598.0,12610.0,22220.0,22220.0,WOOL_net_receipts,-5507.0,0.0,sheep-heavy
108188775,0,Sarthak Sharma ,DhanaLakshmiMalla,submission_tie,0.0,"[""PIZZA_SHOP"", ""YARN_STORE""]",1.0,0,0,114727.0,27457.0,1,0,18,6.0,11.0,0,12.0,3.0,7.0,33.0,29.0,90270.0,0.0,0.0,267.0,10663.0,517.0,84.0,3479.0,84.0,0,0,0,249.0,17513.0,249.0,72.0,14267.0,72.0,0,0,0,191.0,28083.0,191.0,272.0,26984.0,272.0,337.0,13738.0,0,26.0,85.0,801.0,16225.0,35444.0,64736.0,74433.0,90270.0,115110.0,27840.0,1,0,18,6.0,11.0,0,12.0,3.0,7.0,33.0,29.0,90270.0,0.0,0.0,280.0,11046.0,517.0,84.0,3479.0,84.0,0,0,0,249.0,17513.0,249.0,72.0,14267.0,72.0,0,0,0,191.0,28083.0,191.0,272.0,26984.0,272.0,337.0,13738.0,0,26.0,85.0,801.0,16225.0,35444.0,64736.0,74433.0,90270.0,6684.0,6684.0,3479.0,3479.0,0,0,17513.0,17513.0,14267.0,14267.0,0,0,28083.0,28083.0,26984.0,26984.0,12609.0,12609.0,22349.0,22349.0,WHEAT_net_receipts,0.0,0.0,sheep-heavy
108189787,1,Sarthak Sharma ,cmasch,submission_loss,-8631.0,"[""ICE_CREAM_SHOP"", ""YARN_STORE""]",0.3198887343532684,0,0,134845.0,27540.0,1,0,18,6.0,11.0,0,12.0,3.0,7.0,33.0,29.0,110305.0,0.0,0.0,267.0,10940.0,517.0,84.0,3700.0,84.0,0,0,0,249.0,12708.0,249.0,72.0,14267.0,72.0,0,0,0,191.0,41930.0,191.0,272.0,37480.0,272.0,337.0,13820.0,0,26.0,85.0,801.0,16250.0,36931.0,72245.0,92007.0,110305.0,153568.0,37632.0,0,0,4,8.0,6.0,3.0,14.0,4.0,7.0,33.0,29.0,118936.0,0.0,0.0,366.0,14827.0,561.0,87.0,3830.0,87.0,80.0,8947.0,80.0,249.0,13794.0,249.0,72.0,14267.0,72.0,78.0,3861.0,78.0,245.0,53899.0,245.0,161.0,25444.0,161.0,349.0,14699.0,0,26.0,85.0,801.0,15601.0,36221.0,63895.0,87260.0,118936.0,6931.0,8901.0,3700.0,3830.0,0,8947.0,12708.0,13794.0,14267.0,14267.0,0,3861.0,41930.0,53899.0,37480.0,25444.0,12672.0,12469.0,22383.0,29476.0,MILK_net_receipts,-11969.0,0.0,mixed/small
108191359,0,Sarthak Sharma ,lizhengui,submission_tie,0.0,"[""SMOOTHIE_SHOP"", ""YARN_STORE""]",1.0,0,0,126086.0,27207.0,1,0,18,6.0,11.0,0,12.0,3.0,7.0,33.0,29.0,101879.0,0.0,0.0,267.0,10330.0,517.0,84.0,3196.0,84.0,0,0,0,249.0,15377.0,249.0,72.0,14267.0,72.0,0,0,0,191.0,42278.0,191.0,272.0,26977.0,272.0,336.0,13661.0,0,26.0,85.0,802.0,16354.0,37259.0,70266.0,83823.0,101879.0,126469.0,27590.0,1,0,18,6.0,11.0,0,12.0,3.0,7.0,33.0,29.0,101879.0,0.0,0.0,280.0,10713.0,517.0,84.0,3196.0,84.0,0,0,0,249.0,15377.0,249.0,72.0,14267.0,72.0,0,0,0,191.0,42278.0,191.0,272.0,26977.0,272.0,336.0,13661.0,0,26.0,85.0,802.0,16354.0,37259.0,70266.0,83823.0,101879.0,6522.0,6522.0,3196.0,3196.0,0,0,15377.0,15377.0,14267.0,14267.0,0,0,42278.0,42278.0,26977.0,26977.0,12611.0,12611.0,22349.0,22349.0,WHEAT_net_receipts,0.0,0.0,sheep-heavy
108190809,0,Sarthak Sharma ,Stepan Pankratov,submission_tie,0.0,"[""FARMERS_MARKET"", ""PET_CAFE""]",1.0,0,0,103275.0,27025.0,0,0,4,8.0,6.0,3.0,11.0,3.0,7.0,33.0,29.0,79250.0,0.0,0.0,292.0,11311.0,517.0,84.0,10849.0,84.0,0,0,0,249.0,24605.0,249.0,72.0,14267.0,72.0,78.0,3540.0,78.0,245.0,5954.0,245.0,161.0,18365.0,161.0,342.0,14384.0,0,26.0,85.0,801.0,13640.0,22219.0,46473.0,57935.0,79250.0,103658.0,27408.0,0,0,4,8.0,6.0,3.0,11.0,3.0,7.0,33.0,29.0,79250.0,0.0,0.0,305.0,11694.0,517.0,84.0,10849.0,84.0,0,0,0,249.0,24605.0,249.0,72.0,14267.0,72.0,78.0,3540.0,78.0,245.0,5954.0,245.0,161.0,18365.0,161.0,342.0,14384.0,0,26.0,85.0,801.0,13640.0,22219.0,46473.0,57935.0,79250.0,6306.0,6306.0,10849.0,10849.0,0,0,24605.0,24605.0,14267.0,14267.0,3540.0,3540.0,5954.0,5954.0,18365.0,18365.0,12604.0,12604.0,20240.0,20240.0,WHEAT_net_receipts,0.0,0.0,mixed/small
108191810,1,Sarthak Sharma ,HY ISHI,submission_loss,-155.0,"[""BRUNCH_SPOT"", ""FARMERS_MARKET""]",0.9930458970792768,0,0,126167.0,27165.0,0,0,4,8.0,6.0,3.0,11.0,3.0,7.0,33.0,29.0,102002.0,0.0,0.0,292.0,11167.0,517.0,84.0,4632.0,84.0,0,0,0,249.0,34116.0,249.0,72.0,14267.0,72.0,78.0,4216.0,78.0,245.0,5529.0,245.0,161.0,37575.0,161.0,342.0,14665.0,0,26.0,85.0,801.0,13654.0,23746.0,55068.0,79899.0,102002.0,126705.0,27548.0,1,0,12,8.0,6.0,3.0,11.0,3.0,7.0,33.0,29.0,102157.0,0.0,0.0,321.0,12141.0,517.0,84.0,4612.0,84.0,0,0,0,242.0,34652.0,243.0,72.0,14267.0,72.0,77.0,4156.0,78.0,218.0,5347.0,218.0,160.0,37356.0,160.0,326.0,14174.0,0,26.0,85.0,801.0,13574.0,23268.0,54179.0,80114.0,102157.0,6071.0,6662.0,4632.0,4612.0,0,0,34116.0,34652.0,14267.0,14267.0,4216.0,4156.0,5529.0,5347.0,37575.0,37356.0,12836.0,12345.0,20240.0,20240.0,WHEAT_net_receipts,-591.0,0.0,mixed/small
108192821,0,Sarthak Sharma ,__Taichicchi__,submission_tie,0.0,"[""SMOOTHIE_SHOP"", ""YARN_STORE""]",1.0,0,0,125466.0,27185.0,1,0,18,6.0,11.0,0,12.0,3.0,7.0,33.0,29.0,101281.0,0.0,0.0,267.0,9789.0,517.0,84.0,4836.0,84.0,0,0,0,249.0,27853.0,249.0,72.0,14267.0,72.0,0,0,0,191.0,28083.0,191.0,272.0,26977.0,272.0,336.0,13661.0,0,26.0,85.0,802.0,16255.0,35603.0,68905.0,82821.0,101281.0,125849.0,27568.0,1,0,18,6.0,11.0,0,12.0,3.0,7.0,33.0,29.0,101281.0,0.0,0.0,280.0,10172.0,517.0,84.0,4836.0,84.0,0,0,0,249.0,27853.0,249.0,72.0,14267.0,72.0,0,0,0,191.0,28083.0,191.0,272.0,26977.0,272.0,336.0,13661.0,0,26.0,85.0,802.0,16255.0,35603.0,68905.0,82821.0,101281.0,6003.0,6003.0,4836.0,4836.0,0,0,27853.0,27853.0,14267.0,14267.0,0,0,28083.0,28083.0,26977.0,26977.0,12611.0,12611.0,22349.0,22349.0,WHEAT_net_receipts,0.0,0.0,sheep-heavy
108194042,0,Sarthak Sharma ,Slirche,submission_loss,-4183.0,"[""BAKERY"", ""SMOOTHIE_SHOP""]",0.8150208623087621,0,0,98367.0,27042.0,0,0,4,8.0,6.0,3.0,11.0,3.0,7.0,33.0,29.0,74325.0,0.0,0.0,291.0,11910.0,517.0,84.0,4011.0,84.0,0,0,0,249.0,28342.0,249.0,72.0,14267.0,72.0,78.0,4534.0,78.0,245.0,13562.0,245.0,161.0,7406.0,161.0,342.0,14335.0,0,8.0,97.0,783.0,14521.0,25190.0,47179.0,62140.0,74325.0,105891.0,30383.0,0,5,10,8.0,6.0,3.0,11.0,3.0,8.0,33.0,28.0,78508.0,0.0,0.0,456.0,17964.0,526.0,92.0,4397.0,92.0,0,0,0,249.0,30142.0,249.0,72.0,14267.0,72.0,78.0,4526.0,78.0,201.0,13261.0,201.0,99.0,6858.0,99.0,346.0,14476.0,0,38.0,98.0,814.0,15008.0,26039.0,47826.0,64403.0,78508.0,6887.0,10044.0,4011.0,4397.0,0,0,28342.0,30142.0,14267.0,14267.0,4534.0,4526.0,13562.0,13261.0,7406.0,6858.0,12556.0,12609.0,20240.0,20596.0,WHEAT_net_receipts,-3157.0,0.0,mixed/small
108194821,1,Sarthak Sharma ,funny farm,submission_tie,0.0,"[""BAKERY"", ""PIZZA_SHOP""]",1.0,0,0,108823.0,27137.0,0,0,4,8.0,6.0,3.0,11.0,3.0,7.0,33.0,29.0,84686.0,0.0,0.0,292.0,12541.0,517.0,84.0,2339.0,84.0,0,0,0,249.0,12736.0,249.0,72.0,14267.0,72.0,78.0,4492.0,78.0,245.0,18646.0,245.0,161.0,29418.0,161.0,342.0,14384.0,0,26.0,85.0,801.0,14629.0,30604.0,52721.0,67083.0,84686.0,109206.0,27520.0,0,0,4,8.0,6.0,3.0,11.0,3.0,7.0,33.0,29.0,84686.0,0.0,0.0,305.0,12924.0,517.0,84.0,2339.0,84.0,0,0,0,249.0,12736.0,249.0,72.0,14267.0,72.0,78.0,4492.0,78.0,245.0,18646.0,245.0,161.0,29418.0,161.0,342.0,14384.0,0,26.0,85.0,801.0,14629.0,30604.0,52721.0,67083.0,84686.0,7424.0,7424.0,2339.0,2339.0,0,0,12736.0,12736.0,14267.0,14267.0,4492.0,4492.0,18646.0,18646.0,29418.0,29418.0,12604.0,12604.0,20240.0,20240.0,WHEAT_net_receipts,0.0,0.0,mixed/small
108195817,0,Sarthak Sharma ,LONG NT123,submission_loss,-3541.0,"[""BAKERY"", ""BAKERY""]",0.9902642559109874,0,0,78948.0,27142.0,0,0,4,8.0,6.0,3.0,11.0,3.0,7.0,33.0,29.0,54806.0,0.0,0.0,292.0,12642.0,517.0,84.0,3883.0,84.0,0,0,0,249.0,14707.0,249.0,72.0,14267.0,72.0,78.0,4918.0,78.0,245.0,8717.0,245.0,161.0,5509.0,161.0,342.0,14305.0,0,26.0,85.0,801.0,13765.0,23577.0,39146.0,44168.0,54806.0,82871.0,27524.0,0,0,4,8.0,6.0,3.0,11.0,3.0,7.0,33.0,29.0,58347.0,0.0,0.0,305.0,13038.0,517.0,84.0,3893.0,84.0,0,0,0,249.0,16813.0,249.0,72.0,14267.0,72.0,78.0,4925.0,78.0,245.0,9904.0,245.0,161.0,5576.0,161.0,351.0,14455.0,0,26.0,85.0,801.0,13775.0,23966.0,40215.0,46083.0,58347.0,7526.0,7535.0,3883.0,3893.0,0,0,14707.0,16813.0,14267.0,14267.0,4918.0,4925.0,8717.0,9904.0,5509.0,5576.0,12519.0,12674.0,20240.0,20240.0,STRAWBERRY_net_receipts,-2106.0,0.0,mixed/small
108196817,1,Sarthak Sharma ,Takamichi Toda,submission_loss,-1259.0,"[""BRUNCH_SPOT"", ""BAKERY""]",0.9374130737134909,0,0,89133.0,27131.0,0,0,4,8.0,6.0,3.0,11.0,3.0,7.0,33.0,29.0,65002.0,0.0,0.0,292.0,12509.0,517.0,84.0,4503.0,84.0,0,0,0,249.0,26794.0,249.0,72.0,14267.0,72.0,78.0,5191.0,78.0,245.0,4454.0,245.0,161.0,7104.0,161.0,342.0,14311.0,0,24.0,82.0,798.0,13555.0,20623.0,41141.0,51560.0,65002.0,90354.0,27093.0,14,0,8,8.0,6.0,3.0,11.0,3.0,7.0,33.0,29.0,66261.0,0.0,0.0,304.0,13062.0,517.0,84.0,4497.0,84.0,0,0,0,249.0,26837.0,249.0,72.0,14267.0,72.0,76.0,5026.0,76.0,233.0,4513.0,233.0,157.0,7719.0,157.0,349.0,14433.0,0,24.0,149.0,766.0,13684.0,21045.0,41418.0,53184.0,66261.0,7392.0,7996.0,4503.0,4497.0,0,0,26794.0,26837.0,14267.0,14267.0,5191.0,5026.0,4454.0,4513.0,7104.0,7719.0,12537.0,12649.0,20240.0,20243.0,WOOL_net_receipts,-615.0,0.0,mixed/small
108197821,0,Sarthak Sharma ,Haramball forever!,submission_win_control,5509.0,"[""BAKERY"", ""PIZZA_SHOP""]",0.9221140472878998,0,0,95262.0,27145.0,0,0,4,8.0,6.0,3.0,11.0,3.0,7.0,33.0,29.0,71117.0,0.0,0.0,292.0,12474.0,517.0,84.0,4016.0,84.0,0,0,0,249.0,15822.0,249.0,72.0,14267.0,72.0,78.0,4848.0,78.0,245.0,10082.0,245.0,161.0,19241.0,161.0,342.0,14512.0,0,39.0,99.0,815.0,14648.0,27590.0,47952.0,57361.0,71117.0,89664.0,27056.0,1,1,3,8.0,6.0,3.0,11.0,3.0,7.0,33.0,29.0,65608.0,0.0,0.0,291.0,12430.0,517.0,83.0,3969.0,83.0,0,0,0,249.0,13927.0,249.0,72.0,14267.0,72.0,74.0,4595.0,74.0,244.0,8633.0,244.0,161.0,17653.0,161.0,344.0,14190.0,0,13.0,102.0,787.0,14220.0,25604.0,44785.0,53172.0,65608.0,7371.0,7329.0,4016.0,3969.0,0,0,15822.0,13927.0,14267.0,14267.0,4848.0,4595.0,10082.0,8633.0,19241.0,17653.0,12710.0,12475.0,20240.0,20240.0,TOMATO_net_receipts,0,0.0,mixed/small
108198826,1,Sarthak Sharma ,wia'ma,submission_tie,0.0,"[""SMOOTHIE_SHOP"", ""PET_CAFE""]",1.0,0,0,99318.0,26813.0,0,0,4,8.0,6.0,3.0,11.0,3.0,7.0,33.0,29.0,75505.0,0.0,0.0,292.0,10787.0,517.0,84.0,4743.0,84.0,0,0,0,249.0,24063.0,249.0,72.0,14267.0,72.0,78.0,4347.0,78.0,245.0,21173.0,245.0,161.0,5554.0,161.0,342.0,14384.0,0,26.0,85.0,802.0,15221.0,31448.0,55400.0,63847.0,75505.0,99701.0,27196.0,0,0,4,8.0,6.0,3.0,11.0,3.0,7.0,33.0,29.0,75505.0,0.0,0.0,305.0,11170.0,517.0,84.0,4743.0,84.0,0,0,0,249.0,24063.0,249.0,72.0,14267.0,72.0,78.0,4347.0,78.0,245.0,21173.0,245.0,161.0,5554.0,161.0,342.0,14384.0,0,26.0,85.0,802.0,15221.0,31448.0,55400.0,63847.0,75505.0,5994.0,5994.0,4743.0,4743.0,0,0,24063.0,24063.0,14267.0,14267.0,4347.0,4347.0,21173.0,21173.0,5554.0,5554.0,12604.0,12604.0,20240.0,20240.0,WHEAT_net_receipts,0.0,0.0,mixed/small
108199827,0,Sarthak Sharma ,Odyssey,submission_loss,-6379.0,"[""BAKERY"", ""FARMERS_MARKET""]",0.9666203059805285,0,0,86048.0,27121.0,0,0,4,8.0,6.0,3.0,11.0,3.0,7.0,33.0,29.0,61927.0,0.0,0.0,292.0,12223.0,517.0,84.0,4032.0,84.0,0,0,0,249.0,21118.0,249.0,72.0,14267.0,72.0,78.0,4678.0,78.0,245.0,6350.0,245.0,161.0,9075.0,161.0,342.0,14305.0,0,26.0,85.0,801.0,13777.0,22433.0,42559.0,49963.0,61927.0,92807.0,27501.0,0,0,4,8.0,6.0,3.0,11.0,3.0,7.0,33.0,29.0,68306.0,0.0,0.0,305.0,12623.0,517.0,84.0,4044.0,84.0,0,0,0,249.0,23418.0,249.0,72.0,14267.0,72.0,78.0,4685.0,78.0,245.0,6952.0,245.0,161.0,12360.0,161.0,354.0,14458.0,0,26.0,85.0,801.0,13788.0,22817.0,45029.0,54433.0,68306.0,7128.0,7143.0,4032.0,4044.0,0,0,21118.0,23418.0,14267.0,14267.0,4678.0,4685.0,6350.0,6952.0,9075.0,12360.0,12519.0,12677.0,20240.0,20240.0,WOOL_net_receipts,-3285.0,0.0,mixed/small
108200835,0,Sarthak Sharma ,Yash Yadav,submission_tie,0.0,"[""ICE_CREAM_SHOP"", ""PIZZA_SHOP""]",0.9860917941585535,0,0,133491.0,27137.0,0,0,4,8.0,6.0,3.0,11.0,3.0,7.0,33.0,29.0,109354.0,0.0,0.0,292.0,12561.0,517.0,84.0,3714.0,84.0,0,0,0,249.0,21051.0,249.0,72.0,14267.0,72.0,78.0,4009.0,78.0,245.0,54232.0,245.0,161.0,9273.0,161.0,342.0,14384.0,0,26.0,85.0,801.0,15283.0,34108.0,64317.0,84861.0,109354.0,133874.0,27520.0,0,0,4,8.0,6.0,3.0,11.0,3.0,7.0,33.0,29.0,109354.0,0.0,0.0,305.0,12944.0,517.0,84.0,3714.0,84.0,0,0,0,249.0,21051.0,249.0,72.0,14267.0,72.0,78.0,4009.0,78.0,245.0,54232.0,245.0,161.0,9273.0,161.0,342.0,14384.0,0,26.0,85.0,801.0,15283.0,34108.0,64317.0,84861.0,109354.0,7444.0,7444.0,3714.0,3714.0,0,0,21051.0,21051.0,14267.0,14267.0,4009.0,4009.0,54232.0,54232.0,9273.0,9273.0,12604.0,12604.0,20240.0,20240.0,WHEAT_net_receipts,0.0,0.0,mixed/small
108201131,0,Sarthak Sharma ,Skibidi Six Seven,submission_loss,-1520.0,"[""BRUNCH_SPOT"", ""PET_CAFE""]",0.17941585535465926,0,0,99200.0,27071.0,0,0,4,8.0,6.0,3.0,11.0,3.0,7.0,33.0,29.0,75129.0,0.0,0.0,292.0,11601.0,517.0,84.0,5645.0,84.0,0,0,0,249.0,34468.0,249.0,72.0,14267.0,72.0,78.0,4290.0,78.0,245.0,5754.0,245.0,161.0,8678.0,161.0,342.0,14497.0,0,24.0,82.0,798.0,13783.0,21959.0,43910.0,60113.0,75129.0,108316.0,34667.0,0,0,31,6.0,6.0,5.0,12.0,3.0,7.0,32.0,40.0,76649.0,0.0,0.0,476.0,16904.0,439.0,164.0,11287.0,164.0,0,0,0,239.0,31979.0,241.0,72.0,14267.0,72.0,163.0,8957.0,163.0,149.0,4516.0,149.0,94.0,6018.0,94.0,360.0,14388.0,0,24.0,50.0,272.0,13172.0,20903.0,44136.0,61203.0,76649.0,6567.0,5906.0,5645.0,11287.0,0,0,34468.0,31979.0,14267.0,14267.0,4290.0,8957.0,5754.0,4516.0,8678.0,6018.0,12700.0,12480.0,20240.0,21761.0,CARROT_net_receipts,-5642.0,0.0,mixed/small
108201853,1,Sarthak Sharma ,Fanch,submission_win_control,8257.0,"[""SMOOTHIE_SHOP"", ""PET_CAFE""]",0.048678720445062586,0,0,103445.0,26955.0,0,0,4,8.0,6.0,3.0,11.0,3.0,7.0,33.0,29.0,79490.0,0.0,0.0,292.0,11270.0,517.0,84.0,5281.0,84.0,0,0,0,249.0,21226.0,249.0,72.0,14267.0,72.0,78.0,3904.0,78.0,245.0,22442.0,245.0,161.0,10037.0,161.0,342.0,15018.0,0,24.0,82.0,800.0,15252.0,32088.0,56748.0,65806.0,79490.0,103026.0,34793.0,1,0,21,9.0,5.0,3.0,12.0,3.0,8.0,33.0,30.0,71233.0,0.0,0.0,524.0,18390.0,525.0,95.0,5566.0,95.0,0,0,0,258.0,19319.0,258.0,72.0,14267.0,72.0,93.0,4587.0,93.0,236.0,19482.0,236.0,131.0,7579.0,131.0,320.0,13836.0,0,24.0,50.0,213.0,15063.0,26146.0,52453.0,59020.0,71233.0,6422.0,7566.0,5281.0,5566.0,0,0,21226.0,19319.0,14267.0,14267.0,3904.0,4587.0,22442.0,19482.0,10037.0,7579.0,13151.0,11965.0,20240.0,22098.0,WHEAT_net_receipts,-1144.0,0.0,mixed/small
108202867,1,Sarthak Sharma ,wadigongren,submission_tie,0.0,"[""PET_CAFE"", ""PET_CAFE""]",1.0,0,0,92910.0,26842.0,0,0,4,8.0,6.0,3.0,11.0,3.0,7.0,33.0,29.0,69068.0,0.0,0.0,292.0,11236.0,517.0,84.0,12728.0,84.0,0,0,0,249.0,25171.0,249.0,72.0,14267.0,72.0,78.0,4099.0,78.0,245.0,5471.0,245.0,161.0,5554.0,161.0,342.0,14384.0,0,26.0,85.0,802.0,13767.0,20662.0,39857.0,48787.0,69068.0,93293.0,27225.0,0,0,4,8.0,6.0,3.0,11.0,3.0,7.0,33.0,29.0,69068.0,0.0,0.0,305.0,11619.0,517.0,84.0,12728.0,84.0,0,0,0,249.0,25171.0,249.0,72.0,14267.0,72.0,78.0,4099.0,78.0,245.0,5471.0,245.0,161.0,5554.0,161.0,342.0,14384.0,0,26.0,85.0,802.0,13767.0,20662.0,39857.0,48787.0,69068.0,6414.0,6414.0,12728.0,12728.0,0,0,25171.0,25171.0,14267.0,14267.0,4099.0,4099.0,5471.0,5471.0,5554.0,5554.0,12604.0,12604.0,20240.0,20240.0,WHEAT_net_receipts,0.0,0.0,mixed/small
108202824,0,Sarthak Sharma ,KouFu,submission_loss,-13539.0,"[""PET_CAFE"", ""YARN_STORE""]",0.28789986091794156,0,0,111607.0,26482.0,0,0,23,6.0,10.0,0,12.0,3.0,7.0,33.0,29.0,88125.0,0.0,0.0,275.0,9264.0,517.0,84.0,5990.0,84.0,0,0,0,247.0,3773.0,247.0,72.0,14278.0,72.0,0,0,0,191.0,5678.0,191.0,251.0,58716.0,251.0,325.0,13908.0,0,22.0,81.0,798.0,15892.0,28337.0,46772.0,66112.0,88125.0,126407.0,27743.0,0,0,13,4.0,12.0,0,12.0,3.0,7.0,33.0,26.0,101664.0,2.0,0.0,234.0,7382.0,474.0,143.0,10804.0,143.0,0,0,0,249.0,3714.0,249.0,72.0,14231.0,72.0,0,0,0,136.0,5555.0,136.0,306.0,71683.0,306.0,296.0,13038.0,0,24.0,83.0,799.0,13184.0,28571.0,50876.0,74319.0,101664.0,5810.0,3937.0,5990.0,10804.0,0,0,3773.0,3714.0,14278.0,14231.0,0,0,5678.0,5555.0,58716.0,71683.0,12763.0,12375.0,21883.0,23635.0,WOOL_net_receipts,-12967.0,0.0,sheep-heavy
108203891,1,Sarthak Sharma ,M & M & P & Q,submission_tie,0.0,"[""FARMERS_MARKET"", ""PIZZA_SHOP""]",1.0,0,0,135237.0,27137.0,0,0,4,8.0,6.0,3.0,11.0,3.0,7.0,33.0,29.0,111100.0,0.0,0.0,292.0,12320.0,517.0,84.0,4420.0,84.0,0,0,0,249.0,45113.0,249.0,72.0,14267.0,72.0,78.0,3449.0,78.0,245.0,34206.0,245.0,161.0,7078.0,161.0,342.0,14384.0,0,26.0,85.0,801.0,14491.0,27041.0,51552.0,80779.0,111100.0,135620.0,27520.0,0,0,4,8.0,6.0,3.0,11.0,3.0,7.0,33.0,29.0,111100.0,0.0,0.0,305.0,12703.0,517.0,84.0,4420.0,84.0,0,0,0,249.0,45113.0,249.0,72.0,14267.0,72.0,78.0,3449.0,78.0,245.0,34206.0,245.0,161.0,7078.0,161.0,342.0,14384.0,0,26.0,85.0,801.0,14491.0,27041.0,51552.0,80779.0,111100.0,7203.0,7203.0,4420.0,4420.0,0,0,45113.0,45113.0,14267.0,14267.0,3449.0,3449.0,34206.0,34206.0,7078.0,7078.0,12604.0,12604.0,20240.0,20240.0,WHEAT_net_receipts,0.0,0.0,mixed/small
108204892,0,Sarthak Sharma ,PixelPuff,submission_win_control,3305.0,"[""SMOOTHIE_SHOP"", ""SMOOTHIE_SHOP""]",0.9346314325452016,0,0,172347.0,26863.0,0,0,4,8.0,6.0,3.0,11.0,3.0,7.0,33.0,29.0,148484.0,0.0,0.0,292.0,11020.0,517.0,84.0,3740.0,84.0,0,0,0,249.0,56854.0,249.0,72.0,14267.0,72.0,78.0,3546.0,78.0,245.0,60707.0,245.0,161.0,7690.0,161.0,342.0,14523.0,0,26.0,85.0,802.0,15626.0,35232.0,71583.0,112600.0,148484.0,169432.0,27253.0,0,0,4,8.0,6.0,3.0,11.0,3.0,7.0,33.0,29.0,145179.0,0.0,0.0,305.0,11379.0,517.0,83.0,3647.0,83.0,0,0,0,249.0,56198.0,249.0,72.0,14267.0,72.0,74.0,3367.0,74.0,245.0,60200.0,245.0,161.0,6104.0,161.0,345.0,14270.0,0,26.0,85.0,801.0,15221.0,34255.0,70606.0,111048.0,145179.0,6199.0,6171.0,3740.0,3647.0,0,0,56854.0,56198.0,14267.0,14267.0,3546.0,3367.0,60707.0,60200.0,7690.0,6104.0,12721.0,12465.0,20240.0,20240.0,TOMATO_net_receipts,0,0.0,mixed/small
108205917,1,Sarthak Sharma ,Haramball forever!,submission_loss,-140.0,"[""YARN_STORE"", ""ICE_CREAM_SHOP""]",0.3657858136300417,0,0,154663.0,28525.0,1,0,7,6.0,11.0,0,12.0,3.0,7.0,33.0,27.0,129138.0,0.0,0.0,300.0,12142.0,528.0,75.0,2312.0,75.0,0,0,0,238.0,26564.0,249.0,72.0,14231.0,72.0,0,0,0,191.0,19717.0,191.0,278.0,66649.0,282.0,319.0,13048.0,0,39.0,99.0,816.0,16939.0,31731.0,72548.0,100375.0,129138.0,153140.0,26862.0,1,0,18,6.0,11.0,0,12.0,3.0,7.0,33.0,29.0,129278.0,0.0,0.0,259.0,10329.0,517.0,83.0,2653.0,83.0,0,0,0,249.0,27657.0,249.0,72.0,14278.0,72.0,0,0,0,191.0,19936.0,191.0,270.0,64698.0,270.0,338.0,13589.0,0,13.0,102.0,789.0,16827.0,33121.0,70926.0,101058.0,129278.0,6369.0,6784.0,2312.0,2653.0,0,0,26564.0,27657.0,14231.0,14278.0,0,0,19717.0,19936.0,66649.0,64698.0,12516.0,12655.0,22220.0,22383.0,STRAWBERRY_net_receipts,-1093.0,0.0,sheep-heavy
108207436,0,Sarthak Sharma ,TIM,submission_loss,-5237.0,"[""BAKERY"", ""ICE_CREAM_SHOP""]",0.9902642559109874,0,0,109389.0,27142.0,0,0,4,8.0,6.0,3.0,11.0,3.0,7.0,33.0,29.0,85247.0,0.0,0.0,292.0,12383.0,517.0,84.0,4592.0,84.0,0,0,0,249.0,27367.0,249.0,72.0,14267.0,72.0,78.0,4443.0,78.0,245.0,8937.0,245.0,161.0,23090.0,161.0,342.0,14310.0,0,26.0,85.0,801.0,14481.0,26640.0,52336.0,67621.0,85247.0,115009.0,27525.0,0,0,4,8.0,6.0,3.0,11.0,3.0,7.0,33.0,29.0,90484.0,0.0,0.0,305.0,12758.0,517.0,84.0,4604.0,84.0,0,0,0,249.0,29899.0,249.0,72.0,14267.0,72.0,78.0,4442.0,78.0,245.0,9510.0,245.0,161.0,25072.0,161.0,356.0,14457.0,0,26.0,85.0,801.0,14491.0,27100.0,53973.0,70985.0,90484.0,7267.0,7255.0,4592.0,4604.0,0,0,27367.0,29899.0,14267.0,14267.0,4443.0,4442.0,8937.0,9510.0,23090.0,25072.0,12524.0,12675.0,20240.0,20240.0,STRAWBERRY_net_receipts,-2532.0,0.0,mixed/small
108207861,1,Sarthak Sharma ,Abracadabra,submission_loss,-3639.0,"[""BAKERY"", ""BRUNCH_SPOT""]",0.9902642559109874,0,0,109420.0,27142.0,0,0,4,8.0,6.0,3.0,11.0,3.0,7.0,33.0,29.0,85278.0,0.0,0.0,292.0,12314.0,517.0,84.0,4279.0,84.0,0,0,0,249.0,47159.0,249.0,72.0,14267.0,72.0,78.0,4694.0,78.0,245.0,6192.0,245.0,161.0,6209.0,161.0,342.0,14306.0,0,26.0,85.0,801.0,13558.0,21036.0,43445.0,65949.0,85278.0,113998.0,28081.0,0,0,4,8.0,6.0,3.0,11.0,3.0,7.0,33.0,29.0,88917.0,0.0,0.0,322.0,13263.0,517.0,84.0,4265.0,84.0,0,0,0,249.0,47826.0,249.0,72.0,14267.0,72.0,78.0,4698.0,78.0,245.0,7472.0,245.0,161.0,7753.0,161.0,354.0,14454.0,0,26.0,85.0,801.0,13571.0,21336.0,44146.0,68016.0,88917.0,7198.0,7203.0,4279.0,4265.0,0,0,47159.0,47826.0,14267.0,14267.0,4694.0,4698.0,6192.0,7472.0,6209.0,7753.0,12520.0,12673.0,20240.0,20240.0,WOOL_net_receipts,-1544.0,0.0,mixed/small
108208930,1,Sarthak Sharma ,真的懒,submission_tie,0.0,"[""BRUNCH_SPOT"", ""BAKERY""]",1.0,0,0,107723.0,27137.0,0,0,4,8.0,6.0,3.0,11.0,3.0,7.0,33.0,29.0,83586.0,0.0,0.0,292.0,12858.0,517.0,84.0,3479.0,84.0,0,0,0,249.0,46149.0,249.0,72.0,14267.0,72.0,78.0,5148.0,78.0,245.0,5884.0,245.0,161.0,5554.0,161.0,342.0,14384.0,0,26.0,85.0,801.0,13568.0,21196.0,43234.0,64727.0,83586.0,108106.0,27520.0,0,0,4,8.0,6.0,3.0,11.0,3.0,7.0,33.0,29.0,83586.0,0.0,0.0,305.0,13241.0,517.0,84.0,3479.0,84.0,0,0,0,249.0,46149.0,249.0,72.0,14267.0,72.0,78.0,5148.0,78.0,245.0,5884.0,245.0,161.0,5554.0,161.0,342.0,14384.0,0,26.0,85.0,801.0,13568.0,21196.0,43234.0,64727.0,83586.0,7741.0,7741.0,3479.0,3479.0,0,0,46149.0,46149.0,14267.0,14267.0,5148.0,5148.0,5884.0,5884.0,5554.0,5554.0,12604.0,12604.0,20240.0,20240.0,WHEAT_net_receipts,0.0,0.0,mixed/small
108209420,0,Sarthak Sharma ,nanare,submission_loss,-1849.0,"[""BRUNCH_SPOT"", ""BAKERY""]",0.05702364394993046,0,0,95782.0,27218.0,0,0,4,8.0,6.0,3.0,11.0,3.0,7.0,33.0,29.0,71564.0,0.0,0.0,292.0,13034.0,517.0,84.0,4476.0,84.0,0,0,0,249.0,34205.0,249.0,72.0,14267.0,72.0,78.0,4840.0,78.0,245.0,4467.0,245.0,161.0,5657.0,161.0,342.0,14836.0,0,21.0,79.0,795.0,13495.0,20742.0,42221.0,56672.0,71564.0,99939.0,29526.0,0,0,3,6.0,6.0,5.0,13.0,3.0,8.0,33.0,8.0,73413.0,0.0,0.0,416.0,19045.0,648.0,19.0,1024.0,19.0,0,0,0,262.0,31423.0,262.0,72.0,14267.0,72.0,161.0,9966.0,161.0,186.0,4575.0,186.0,158.0,5384.0,158.0,333.0,14255.0,0,25.0,150.0,213.0,13337.0,18551.0,43523.0,56470.0,73413.0,7913.0,14188.0,4476.0,1024.0,0,0,34205.0,31423.0,14267.0,14267.0,4840.0,9966.0,4467.0,4575.0,5657.0,5384.0,12979.0,12138.0,20240.0,22552.0,WHEAT_net_receipts,-6275.0,0.0,mixed/small
108209952,0,Sarthak Sharma ,Lujia Liang,submission_win_control,1361.0,"[""BAKERY"", ""PET_CAFE""]",0.07093184979137691,0,0,80705.0,27118.0,0,0,4,8.0,6.0,3.0,11.0,3.0,7.0,33.0,29.0,56587.0,0.0,0.0,292.0,12202.0,517.0,84.0,4622.0,84.0,0,0,0,249.0,14056.0,249.0,72.0,14267.0,72.0,78.0,4306.0,78.0,245.0,10670.0,245.0,161.0,5708.0,161.0,342.0,14874.0,0,32.0,94.0,811.0,13765.0,23129.0,35863.0,42480.0,56587.0,81410.0,29184.0,0,0,0,5.0,5.0,7.0,12.0,3.0,8.0,33.0,30.0,55226.0,0.0,0.0,308.0,12745.0,522.0,92.0,4623.0,92.0,0,0,0,262.0,10815.0,262.0,72.0,14267.0,72.0,231.0,12683.0,231.0,159.0,7134.0,159.0,131.0,5288.0,131.0,344.0,13855.0,0,15.0,226.0,686.0,14037.0,21210.0,35933.0,41612.0,55226.0,7161.0,7171.0,4622.0,4623.0,0,0,14056.0,10815.0,14267.0,14267.0,4306.0,12683.0,10670.0,7134.0,5708.0,5288.0,13037.0,12102.0,20240.0,21857.0,EGG_net_receipts,-8377.0,0.0,mixed/small
108210962,0,Sarthak Sharma ,Muhammed Ashiq Abdul Khader,submission_win_control,8619.0,"[""SMOOTHIE_SHOP"", ""SMOOTHIE_SHOP""]",0.05285118219749652,0,0,178156.0,26670.0,0,0,4,8.0,6.0,3.0,11.0,3.0,7.0,33.0,29.0,154486.0,0.0,0.0,291.0,10261.0,517.0,84.0,2561.0,84.0,0,0,0,249.0,47486.0,249.0,72.0,14267.0,72.0,78.0,3986.0,78.0,245.0,51103.0,245.0,161.0,33760.0,161.0,342.0,14732.0,0,14.0,105.0,794.0,15656.0,36271.0,77076.0,118913.0,154486.0,176312.0,33445.0,0,0,4,9.0,5.0,3.0,12.0,3.0,8.0,33.0,30.0,145867.0,0.0,0.0,521.0,16767.0,522.0,93.0,2303.0,93.0,0,0,0,262.0,47265.0,262.0,72.0,14267.0,72.0,79.0,4043.0,79.0,261.0,51829.0,261.0,131.0,27296.0,131.0,302.0,12542.0,0,87.0,274.0,915.0,17762.0,33308.0,74002.0,113980.0,145867.0,5656.0,5724.0,2561.0,2303.0,0,0,47486.0,47265.0,14267.0,14267.0,3986.0,4043.0,51103.0,51829.0,33760.0,27296.0,12907.0,12238.0,20240.0,22098.0,MILK_net_receipts,-726.0,0.0,mixed/small
108211979,1,Sarthak Sharma ,Dresden,submission_loss,-1662.0,"[""YARN_STORE"", ""YARN_STORE""]",0.36995827538247567,0,0,144458.0,28654.0,11,0,39,4.0,12.0,0,12.0,3.0,7.0,32.0,23.0,118804.0,0.0,0.0,322.0,10496.0,511.0,66.0,3757.0,66.0,0,0,0,228.0,14726.0,228.0,72.0,14231.0,72.0,0,0,0,114.0,17138.0,114.0,292.0,70459.0,292.0,311.0,13651.0,0,26.0,85.0,802.0,14623.0,27545.0,58230.0,85336.0,118804.0,144193.0,26727.0,8,0,26,4.0,12.0,0,12.0,3.0,7.0,33.0,29.0,120466.0,0.0,0.0,287.0,9072.0,517.0,83.0,4747.0,83.0,0,0,0,247.0,14582.0,247.0,72.0,14278.0,72.0,0,0,0,128.0,18935.0,128.0,286.0,69004.0,286.0,326.0,13575.0,0,26.0,85.0,801.0,15976.0,29226.0,59518.0,89404.0,120466.0,5811.0,5528.0,3757.0,4747.0,0,0,14726.0,14582.0,14231.0,14278.0,0,0,17138.0,18935.0,70459.0,69004.0,12687.0,12475.0,23005.0,22083.0,MILK_net_receipts,-1797.0,0.0,sheep-heavy
108212983,1,Sarthak Sharma ,Timbydude,submission_win_control,560.0,"[""BAKERY"", ""BRUNCH_SPOT""]",0.8887343532684284,0,0,93447.0,27138.0,0,0,4,8.0,6.0,3.0,11.0,3.0,7.0,33.0,29.0,69309.0,0.0,0.0,292.0,11617.0,517.0,84.0,5091.0,84.0,0,0,0,249.0,11085.0,249.0,72.0,14267.0,72.0,78.0,4801.0,78.0,245.0,4557.0,245.0,161.0,27523.0,161.0,342.0,14506.0,0,26.0,85.0,801.0,13668.0,20817.0,37104.0,50203.0,69309.0,97406.0,31657.0,2,2,14,8.0,6.0,3.0,11.0,3.0,7.0,33.0,35.0,68749.0,0.0,0.0,304.0,11940.0,426.0,153.0,9531.0,153.0,0,0,0,249.0,10888.0,249.0,72.0,14267.0,72.0,74.0,4542.0,74.0,242.0,4227.0,242.0,161.0,27719.0,161.0,351.0,14292.0,0,26.0,85.0,800.0,13385.0,19876.0,36069.0,49274.0,68749.0,6521.0,2848.0,5091.0,9531.0,0,0,11085.0,10888.0,14267.0,14267.0,4801.0,4542.0,4557.0,4227.0,27523.0,27719.0,12704.0,12487.0,20240.0,20760.0,CARROT_net_receipts,-4440.0,0.0,mixed/small
108214006,0,Sarthak Sharma ,ultimatum_game,submission_loss,-21023.0,"[""PIZZA_SHOP"", ""SMOOTHIE_SHOP""]",0.8122392211404729,0,0,130139.0,27043.0,0,0,4,8.0,6.0,3.0,11.0,3.0,7.0,33.0,29.0,106096.0,0.0,0.0,291.0,11891.0,517.0,84.0,4069.0,84.0,0,0,0,249.0,23835.0,249.0,72.0,14267.0,72.0,78.0,4081.0,78.0,245.0,51523.0,245.0,161.0,5893.0,161.0,342.0,14580.0,0,12.0,101.0,787.0,15360.0,34892.0,66250.0,86724.0,106096.0,151562.0,27443.0,0,0,22,14.0,2.0,0,11.0,3.0,7.0,33.0,31.0,127119.0,0.0,0.0,353.0,14207.0,517.0,93.0,4507.0,93.0,0,0,0,241.0,23239.0,241.0,72.0,14267.0,72.0,0,0,0,364.0,76025.0,367.0,48.0,5105.0,48.0,332.0,14212.0,0,35.0,95.0,811.0,15831.0,33934.0,70331.0,100502.0,127119.0,6893.0,8238.0,4069.0,4507.0,0,0,23835.0,23239.0,14267.0,14267.0,4081.0,0,51523.0,76025.0,5893.0,5105.0,12775.0,12391.0,20240.0,19653.0,MILK_net_receipts,-24502.0,0.0,cattle-heavy
108215023,0,Sarthak Sharma ,ZHOU HONGYI,submission_win_control,5069.0,"[""ICE_CREAM_SHOP"", ""BRUNCH_SPOT""]",0.9346314325452016,0,0,144407.0,27143.0,0,0,4,8.0,6.0,3.0,11.0,3.0,7.0,33.0,29.0,120264.0,0.0,0.0,292.0,11764.0,517.0,84.0,2770.0,84.0,0,0,0,249.0,41351.0,249.0,72.0,14267.0,72.0,78.0,4139.0,78.0,245.0,17956.0,245.0,161.0,37646.0,161.0,342.0,14514.0,0,26.0,85.0,801.0,15089.0,31993.0,65412.0,95970.0,120264.0,139724.0,27529.0,0,0,4,8.0,6.0,3.0,11.0,3.0,7.0,33.0,29.0,115195.0,0.0,0.0,305.0,12136.0,517.0,83.0,2702.0,83.0,0,0,0,249.0,39346.0,249.0,72.0,14267.0,72.0,74.0,3931.0,74.0,245.0,15485.0,245.0,161.0,37569.0,161.0,345.0,14288.0,0,26.0,85.0,800.0,14872.0,30286.0,63571.0,92871.0,115195.0,6668.0,6657.0,2770.0,2702.0,0,0,41351.0,39346.0,14267.0,14267.0,4139.0,3931.0,17956.0,15485.0,37646.0,37569.0,12707.0,12478.0,20240.0,20240.0,TOMATO_net_receipts,0,0.0,mixed/small
108216041,0,Sarthak Sharma ,panda__MB__maximus,submission_tie,0.0,"[""BAKERY"", ""PET_CAFE""]",0.9916550764951322,0,0,76536.0,27049.0,0,0,4,8.0,6.0,3.0,11.0,3.0,7.0,33.0,29.0,52487.0,0.0,0.0,292.0,12456.0,517.0,84.0,4420.0,84.0,0,0,0,249.0,11054.0,249.0,72.0,14267.0,72.0,78.0,4763.0,78.0,245.0,9638.0,245.0,161.0,5554.0,161.0,342.0,14384.0,0,26.0,85.0,801.0,13834.0,22425.0,33635.0,39296.0,52487.0,76919.0,27432.0,0,0,4,8.0,6.0,3.0,11.0,3.0,7.0,33.0,29.0,52487.0,0.0,0.0,305.0,12839.0,517.0,84.0,4420.0,84.0,0,0,0,249.0,11054.0,249.0,72.0,14267.0,72.0,78.0,4763.0,78.0,245.0,9638.0,245.0,161.0,5554.0,161.0,342.0,14384.0,0,26.0,85.0,801.0,13834.0,22425.0,33635.0,39296.0,52487.0,7427.0,7427.0,4420.0,4420.0,0,0,11054.0,11054.0,14267.0,14267.0,4763.0,4763.0,9638.0,9638.0,5554.0,5554.0,12604.0,12604.0,20240.0,20240.0,WHEAT_net_receipts,0.0,0.0,mixed/small
108217051,0,Sarthak Sharma ,LK30,submission_loss,-4184.0,"[""BRUNCH_SPOT"", ""BRUNCH_SPOT""]",0.03616133518776078,0,0,114309.0,27421.0,0,0,4,8.0,6.0,3.0,11.0,3.0,7.0,33.0,29.0,89888.0,0.0,0.0,292.0,12862.0,517.0,84.0,2678.0,84.0,0,0,0,249.0,51185.0,249.0,72.0,14267.0,72.0,78.0,5298.0,78.0,245.0,5615.0,245.0,161.0,6008.0,161.0,342.0,16396.0,0,27.0,88.0,806.0,13500.0,21167.0,45038.0,70569.0,89888.0,121647.0,30575.0,2,0,0,9.0,5.0,3.0,13.0,3.0,18.0,34.0,28.0,94072.0,3.0,0.0,223.0,9475.0,328.0,252.0,9601.0,252.0,72.0,4050.0,72.0,270.0,53550.0,270.0,84.0,15496.0,84.0,102.0,6803.0,102.0,195.0,5192.0,195.0,99.0,4898.0,99.0,229.0,12582.0,0,46.0,260.0,844.0,13580.0,17439.0,41569.0,74079.0,94072.0,7764.0,2399.0,2678.0,9601.0,0,4050.0,51185.0,53550.0,14267.0,15496.0,5298.0,6803.0,5615.0,5192.0,6008.0,4898.0,14313.0,10733.0,20240.0,21650.0,CARROT_net_receipts,-6923.0,0.0,mixed/small
108218077,0,Sarthak Sharma ,wadigongren,submission_tie,0.0,"[""ICE_CREAM_SHOP"", ""FARMERS_MARKET""]",1.0,0,0,165501.0,27137.0,0,0,4,8.0,6.0,3.0,11.0,3.0,7.0,33.0,29.0,141364.0,0.0,0.0,292.0,12781.0,517.0,84.0,3505.0,84.0,0,0,0,249.0,56748.0,249.0,72.0,14267.0,72.0,78.0,3540.0,78.0,245.0,54722.0,245.0,161.0,5554.0,161.0,342.0,14384.0,0,26.0,85.0,801.0,15007.0,32734.0,66848.0,106325.0,141364.0,165884.0,27520.0,0,0,4,8.0,6.0,3.0,11.0,3.0,7.0,33.0,29.0,141364.0,0.0,0.0,305.0,13164.0,517.0,84.0,3505.0,84.0,0,0,0,249.0,56748.0,249.0,72.0,14267.0,72.0,78.0,3540.0,78.0,245.0,54722.0,245.0,161.0,5554.0,161.0,342.0,14384.0,0,26.0,85.0,801.0,15007.0,32734.0,66848.0,106325.0,141364.0,7664.0,7664.0,3505.0,3505.0,0,0,56748.0,56748.0,14267.0,14267.0,3540.0,3540.0,54722.0,54722.0,5554.0,5554.0,12604.0,12604.0,20240.0,20240.0,WHEAT_net_receipts,0.0,0.0,mixed/small
108219073,1,Sarthak Sharma ,isk54_34,submission_loss,-5.0,"[""PIZZA_SHOP"", ""PET_CAFE""]",0.9916550764951322,0,0,95482.0,27049.0,0,0,4,8.0,6.0,3.0,11.0,3.0,7.0,33.0,29.0,71433.0,0.0,0.0,292.0,11744.0,517.0,84.0,5514.0,84.0,0,0,0,249.0,22642.0,249.0,72.0,14267.0,72.0,78.0,4139.0,78.0,245.0,13519.0,245.0,161.0,9273.0,161.0,342.0,14384.0,0,26.0,85.0,801.0,14990.0,27996.0,47762.0,57067.0,71433.0,95870.0,27432.0,0,0,4,8.0,6.0,3.0,11.0,3.0,7.0,33.0,29.0,71438.0,0.0,0.0,305.0,12127.0,517.0,84.0,5514.0,84.0,0,0,0,249.0,22642.0,249.0,72.0,14267.0,72.0,78.0,4139.0,78.0,245.0,13519.0,245.0,161.0,9273.0,161.0,347.0,14389.0,0,26.0,85.0,801.0,14990.0,27996.0,47762.0,57067.0,71438.0,6715.0,6715.0,5514.0,5514.0,0,0,22642.0,22642.0,14267.0,14267.0,4139.0,4139.0,13519.0,13519.0,9273.0,9273.0,12604.0,12609.0,20240.0,20240.0,FERTILIZER_net_receipts,-5.0,0.0,mixed/small
108220091,1,Sarthak Sharma ,Marko Rupnik,submission_loss,-209.0,"[""ICE_CREAM_SHOP"", ""BRUNCH_SPOT""]",0.9652294853963839,0,0,174565.0,27112.0,0,0,4,8.0,6.0,3.0,11.0,3.0,7.0,33.0,29.0,150453.0,0.0,0.0,291.0,12127.0,517.0,84.0,2316.0,84.0,0,0,0,249.0,53540.0,249.0,72.0,14267.0,72.0,78.0,4124.0,78.0,245.0,38718.0,245.0,161.0,35142.0,161.0,342.0,14331.0,0,15.0,104.0,789.0,14951.0,32483.0,70039.0,112917.0,150453.0,175221.0,27559.0,0,0,4,8.0,6.0,3.0,11.0,3.0,7.0,33.0,30.0,150662.0,0.0,0.0,305.0,12609.0,514.0,87.0,2422.0,87.0,0,0,0,249.0,53453.0,249.0,72.0,14267.0,72.0,78.0,4127.0,78.0,245.0,38629.0,245.0,161.0,35382.0,161.0,345.0,14332.0,0,32.0,92.0,710.0,14864.0,33099.0,70996.0,113327.0,150662.0,7035.0,7003.0,2316.0,2422.0,0,0,53540.0,53453.0,14267.0,14267.0,4124.0,4127.0,38718.0,38629.0,35142.0,35382.0,12551.0,12637.0,20240.0,20258.0,WOOL_net_receipts,-240.0,0.0,mixed/small
108221214,0,Sarthak Sharma ,Thành Toàn Vương,submission_win_control,4542.0,"[""FARMERS_MARKET"", ""YARN_STORE""]",0.9707927677329624,0,0,104297.0,26614.0,0,0,23,6.0,10.0,0,12.0,3.0,7.0,33.0,29.0,80683.0,0.0,0.0,275.0,11220.0,517.0,84.0,4859.0,84.0,0,0,0,247.0,23564.0,247.0,72.0,14267.0,72.0,0,0,0,191.0,7160.0,191.0,251.0,29504.0,251.0,325.0,13723.0,0,26.0,85.0,801.0,16465.0,30356.0,59829.0,67165.0,80683.0,99786.0,26645.0,9,0,23,6.0,10.0,0,12.0,3.0,7.0,33.0,29.0,76141.0,0.0,0.0,288.0,11611.0,517.0,83.0,4761.0,83.0,0,0,0,247.0,21621.0,247.0,72.0,14267.0,72.0,0,0,0,181.0,6690.0,181.0,244.0,27113.0,244.0,326.0,13723.0,0,26.0,85.0,800.0,16330.0,30043.0,58469.0,65182.0,76141.0,7616.0,7975.0,4859.0,4761.0,0,0,23564.0,21621.0,14267.0,14267.0,0,0,7160.0,6690.0,29504.0,27113.0,12596.0,12597.0,21883.0,21883.0,WHEAT_net_receipts,-359.0,0.0,sheep-heavy
108221804,1,Sarthak Sharma ,qr farm,submission_loss,-4650.0,"[""BAKERY"", ""SMOOTHIE_SHOP""]",0.8164116828929068,0,0,111621.0,27084.0,0,0,4,8.0,6.0,3.0,11.0,3.0,7.0,33.0,29.0,87537.0,0.0,0.0,292.0,11848.0,517.0,84.0,2883.0,84.0,0,0,0,249.0,20895.0,249.0,72.0,14267.0,72.0,78.0,4492.0,78.0,245.0,37187.0,245.0,161.0,5509.0,161.0,342.0,14540.0,0,26.0,85.0,801.0,14677.0,30445.0,54727.0,69502.0,87537.0,118304.0,29117.0,0,0,4,8.0,6.0,3.0,12.0,3.0,7.0,33.0,29.0,92187.0,0.0,0.0,389.0,15618.0,584.0,88.0,3034.0,88.0,0,0,0,249.0,22305.0,249.0,72.0,14267.0,72.0,74.0,4253.0,78.0,245.0,38592.0,245.0,161.0,5579.0,161.0,352.0,14656.0,0,26.0,85.0,801.0,14693.0,30777.0,55618.0,71934.0,92187.0,6820.0,9648.0,2883.0,3034.0,0,0,20895.0,22305.0,14267.0,14267.0,4492.0,4253.0,37187.0,38592.0,5509.0,5579.0,12724.0,12427.0,20240.0,20918.0,WHEAT_net_receipts,-2828.0,0.0,mixed/small
108222113,0,Sarthak Sharma ,Timbydude,submission_win_control,3265.0,"[""BAKERY"", ""BAKERY""]",0.9248956884561892,0,0,80801.0,27159.0,0,0,4,8.0,6.0,3.0,11.0,3.0,7.0,33.0,29.0,56642.0,0.0,0.0,292.0,12467.0,517.0,84.0,4524.0,84.0,0,0,0,249.0,12957.0,249.0,72.0,14267.0,72.0,78.0,4708.0,78.0,245.0,8755.0,245.0,161.0,8618.0,161.0,342.0,14505.0,0,26.0,85.0,801.0,13863.0,23054.0,37162.0,43591.0,56642.0,77923.0,27546.0,2,0,3,8.0,6.0,3.0,11.0,3.0,7.0,33.0,29.0,53377.0,0.0,0.0,307.0,12929.0,517.0,83.0,4442.0,83.0,0,0,0,249.0,12373.0,249.0,72.0,14267.0,72.0,74.0,4461.0,74.0,242.0,6875.0,242.0,161.0,8288.0,161.0,345.0,14288.0,0,26.0,85.0,800.0,13580.0,21682.0,36059.0,41659.0,53377.0,7350.0,7428.0,4524.0,4442.0,0,0,12957.0,12373.0,14267.0,14267.0,4708.0,4461.0,8755.0,6875.0,8618.0,8288.0,12703.0,12483.0,20240.0,20240.0,WHEAT_net_receipts,-78.0,0.0,mixed/small
108223140,0,Sarthak Sharma ,Kucing Garong,submission_loss,-10.0,"[""YARN_STORE"", ""BRUNCH_SPOT""]",0.9902642559109874,0,0,156388.0,28497.0,1,0,7,6.0,11.0,0,12.0,3.0,7.0,33.0,27.0,130891.0,0.0,0.0,300.0,11656.0,528.0,75.0,2392.0,75.0,0,0,0,238.0,34478.0,249.0,72.0,14267.0,72.0,0,0,0,191.0,14110.0,191.0,278.0,66340.0,282.0,319.0,13145.0,0,26.0,85.0,802.0,15927.0,29657.0,70608.0,102900.0,130891.0,156781.0,28880.0,1,0,4,6.0,11.0,0,12.0,3.0,7.0,33.0,27.0,130901.0,0.0,0.0,313.0,12039.0,528.0,75.0,2392.0,75.0,0,0,0,238.0,34478.0,249.0,72.0,14267.0,72.0,0,0,0,191.0,14110.0,191.0,278.0,66340.0,282.0,329.0,13155.0,0,26.0,85.0,802.0,15927.0,29657.0,70608.0,102900.0,130901.0,5921.0,5921.0,2392.0,2392.0,0,0,34478.0,34478.0,14267.0,14267.0,0,0,14110.0,14110.0,66340.0,66340.0,12603.0,12613.0,22220.0,22220.0,FERTILIZER_net_receipts,-10.0,0.0,sheep-heavy
108222982,1,Sarthak Sharma ,JeovaAnderson,submission_loss,-190.0,"[""PIZZA_SHOP"", ""YARN_STORE""]",1.0,0,0,112049.0,27451.0,1,0,18,6.0,11.0,0,12.0,3.0,7.0,33.0,29.0,87598.0,0.0,0.0,267.0,11031.0,517.0,84.0,3714.0,84.0,0,0,0,249.0,5204.0,249.0,72.0,14267.0,72.0,0,0,0,191.0,37264.0,191.0,272.0,26881.0,272.0,337.0,13688.0,0,26.0,85.0,801.0,16324.0,36278.0,57205.0,69551.0,87598.0,112622.0,27834.0,1,0,18,6.0,11.0,0,12.0,3.0,7.0,33.0,29.0,87788.0,0.0,0.0,280.0,11414.0,517.0,84.0,3714.0,84.0,0,0,0,249.0,5204.0,249.0,72.0,14267.0,72.0,0,0,0,191.0,37264.0,191.0,272.0,26980.0,272.0,337.0,13779.0,0,26.0,85.0,801.0,16342.0,36412.0,57395.0,69741.0,87788.0,7052.0,7052.0,3714.0,3714.0,0,0,5204.0,5204.0,14267.0,14267.0,0,0,37264.0,37264.0,26881.0,26980.0,12565.0,12656.0,22349.0,22349.0,WOOL_net_receipts,-99.0,0.0,sheep-heavy
108229324,1,Sarthak Sharma ,Nav N,submission_tie,0.0,"[""BRUNCH_SPOT"", ""BRUNCH_SPOT""]",1.0,0,0,119553.0,27116.0,0,0,4,8.0,6.0,3.0,11.0,3.0,7.0,33.0,29.0,95437.0,0.0,0.0,292.0,11550.0,517.0,84.0,3947.0,84.0,0,0,0,249.0,52017.0,249.0,72.0,14267.0,72.0,78.0,4701.0,78.0,245.0,10788.0,245.0,161.0,7899.0,161.0,342.0,14384.0,0,26.0,85.0,801.0,13787.0,22944.0,47604.0,74789.0,95437.0,119936.0,27499.0,0,0,4,8.0,6.0,3.0,11.0,3.0,7.0,33.0,29.0,95437.0,0.0,0.0,305.0,11933.0,517.0,84.0,3947.0,84.0,0,0,0,249.0,52017.0,249.0,72.0,14267.0,72.0,78.0,4701.0,78.0,245.0,10788.0,245.0,161.0,7899.0,161.0,342.0,14384.0,0,26.0,85.0,801.0,13787.0,22944.0,47604.0,74789.0,95437.0,6454.0,6454.0,3947.0,3947.0,0,0,52017.0,52017.0,14267.0,14267.0,4701.0,4701.0,10788.0,10788.0,7899.0,7899.0,12604.0,12604.0,20240.0,20240.0,WHEAT_net_receipts,0.0,0.0,mixed/small
108231502,1,Sarthak Sharma ,Xunden,submission_win_control,2381.0,"[""PET_CAFE"", ""BAKERY""]",0.9346314325452016,0,0,96353.0,26971.0,0,0,4,8.0,6.0,3.0,11.0,3.0,7.0,33.0,29.0,72382.0,0.0,0.0,292.0,11230.0,517.0,84.0,8129.0,84.0,0,0,0,249.0,9253.0,249.0,72.0,14267.0,72.0,78.0,4183.0,78.0,245.0,4923.0,245.0,161.0,29845.0,161.0,342.0,14523.0,0,26.0,85.0,802.0,13781.0,22451.0,38914.0,50848.0,72382.0,94362.0,27361.0,0,0,4,8.0,6.0,3.0,11.0,3.0,7.0,33.0,29.0,70001.0,0.0,0.0,305.0,11596.0,517.0,83.0,7819.0,83.0,0,0,0,249.0,8532.0,249.0,72.0,14267.0,72.0,74.0,3969.0,74.0,245.0,4386.0,245.0,161.0,29523.0,161.0,345.0,14270.0,0,26.0,85.0,801.0,13494.0,21471.0,37784.0,49377.0,70001.0,6301.0,6280.0,8129.0,7819.0,0,0,9253.0,8532.0,14267.0,14267.0,4183.0,3969.0,4923.0,4386.0,29845.0,29523.0,12721.0,12465.0,20240.0,20240.0,TOMATO_net_receipts,0,0.0,mixed/small
108233302,1,Sarthak Sharma ,juliencst,submission_loss,-3653.0,"[""PIZZA_SHOP"", ""PET_CAFE""]",0.8567454798331016,0,0,96741.0,27026.0,0,0,4,8.0,6.0,3.0,11.0,3.0,7.0,33.0,29.0,72715.0,0.0,0.0,292.0,10227.0,517.0,84.0,7821.0,84.0,0,0,0,249.0,5114.0,249.0,72.0,14267.0,72.0,78.0,3453.0,78.0,245.0,12163.0,245.0,161.0,29353.0,161.0,342.0,14343.0,0,26.0,85.0,801.0,14995.0,28836.0,40856.0,52465.0,72715.0,101785.0,28417.0,1,0,4,8.0,6.0,3.0,11.0,3.0,7.0,33.0,29.0,76368.0,0.0,0.0,356.0,12250.0,550.0,90.0,8449.0,90.0,0,0,0,249.0,5663.0,249.0,72.0,14267.0,72.0,78.0,3441.0,78.0,243.0,12957.0,243.0,161.0,30272.0,161.0,349.0,14486.0,0,26.0,85.0,801.0,15003.0,29211.0,41706.0,54978.0,76368.0,5222.0,6305.0,7821.0,8449.0,0,0,5114.0,5663.0,14267.0,14267.0,3453.0,3441.0,12163.0,12957.0,29353.0,30272.0,12562.0,12610.0,20240.0,20596.0,WHEAT_net_receipts,-1083.0,0.0,mixed/small
108235913,0,Sarthak Sharma ,Nicolas Krusche,submission_loss,-261.0,"[""ICE_CREAM_SHOP"", ""BRUNCH_SPOT""]",0.8567454798331016,0,0,146432.0,27141.0,0,0,4,8.0,6.0,3.0,11.0,3.0,7.0,33.0,29.0,122291.0,0.0,0.0,291.0,12389.0,517.0,84.0,3015.0,84.0,0,0,0,249.0,53750.0,249.0,72.0,14267.0,72.0,78.0,4571.0,78.0,245.0,12434.0,245.0,161.0,31638.0,161.0,342.0,14368.0,0,18.0,107.0,793.0,14915.0,29552.0,60087.0,94848.0,122291.0,148318.0,28766.0,1,0,4,8.0,6.0,3.0,11.0,3.0,7.0,33.0,29.0,122552.0,0.0,0.0,364.0,15100.0,550.0,90.0,3278.0,90.0,0,0,0,249.0,53087.0,249.0,72.0,14267.0,72.0,78.0,4559.0,78.0,243.0,12338.0,243.0,161.0,31219.0,161.0,349.0,14470.0,0,28.0,88.0,804.0,14934.0,29833.0,60713.0,95069.0,122552.0,7278.0,8804.0,3015.0,3278.0,0,0,53750.0,53087.0,14267.0,14267.0,4571.0,4559.0,12434.0,12338.0,31638.0,31219.0,12578.0,12596.0,20240.0,20596.0,WHEAT_net_receipts,-1526.0,0.0,mixed/small
108238626,1,Sarthak Sharma ,enduejdu,submission_loss,-7459.0,"[""PET_CAFE"", ""FARMERS_MARKET""]",0.030598052851182198,0,0,115724.0,26965.0,0,0,4,8.0,6.0,3.0,11.0,3.0,7.0,33.0,29.0,91759.0,0.0,0.0,292.0,11934.0,517.0,84.0,4218.0,84.0,0,0,0,249.0,25266.0,249.0,72.0,14267.0,72.0,78.0,3623.0,78.0,245.0,6372.0,245.0,161.0,34379.0,161.0,342.0,15665.0,0,27.0,88.0,806.0,13772.0,23944.0,52671.0,70845.0,91759.0,127337.0,31119.0,0,0,0,9.0,8.0,0,13.0,3.0,9.0,33.0,32.0,99218.0,13.0,0.0,194.0,7792.0,308.0,390.0,21315.0,390.0,7.0,1060.0,7.0,203.0,20957.0,203.0,90.0,16047.0,90.0,0,0,0,179.0,5251.0,179.0,208.0,43145.0,208.0,199.0,11770.0,0,46.0,260.0,901.0,15423.0,22761.0,56807.0,69985.0,99218.0,7190.0,1143.0,4218.0,21315.0,0,1060.0,25266.0,20957.0,14267.0,16047.0,3623.0,0,6372.0,5251.0,34379.0,43145.0,13684.0,11282.0,20240.0,23982.0,CARROT_net_receipts,-17097.0,0.0,mixed/small
108244520,0,Sarthak Sharma ,ansheng jhang,submission_loss,-4209.0,"[""BAKERY"", ""BRUNCH_SPOT""]",1.0,0,0,84764.0,27142.0,0,0,4,8.0,6.0,3.0,11.0,3.0,7.0,33.0,29.0,60622.0,0.0,0.0,292.0,13067.0,517.0,84.0,3031.0,84.0,0,0,0,249.0,21118.0,249.0,72.0,14267.0,72.0,78.0,5005.0,78.0,245.0,8462.0,245.0,161.0,5509.0,161.0,342.0,14305.0,0,26.0,85.0,801.0,13765.0,22517.0,41934.0,49599.0,60622.0,89355.0,27524.0,0,0,4,8.0,6.0,3.0,11.0,3.0,7.0,33.0,29.0,64831.0,0.0,0.0,305.0,13455.0,517.0,84.0,3044.0,84.0,0,0,0,249.0,23418.0,249.0,72.0,14267.0,72.0,78.0,5011.0,78.0,245.0,10136.0,245.0,161.0,5576.0,161.0,344.0,14448.0,0,26.0,85.0,801.0,13775.0,22899.0,42906.0,51748.0,64831.0,7951.0,7952.0,3031.0,3044.0,0,0,21118.0,23418.0,14267.0,14267.0,5005.0,5011.0,8462.0,10136.0,5509.0,5576.0,12519.0,12667.0,20240.0,20240.0,STRAWBERRY_net_receipts,-2300.0,0.0,mixed/small
108250184,0,Sarthak Sharma ,Ioannis Tzachristas,submission_loss,-5.0,"[""ICE_CREAM_SHOP"", ""BAKERY""]",0.9916550764951322,0,0,112900.0,27120.0,0,0,4,8.0,6.0,3.0,11.0,3.0,7.0,33.0,29.0,88780.0,0.0,0.0,292.0,12333.0,517.0,84.0,2912.0,84.0,0,0,0,249.0,17556.0,249.0,72.0,14267.0,72.0,78.0,4448.0,78.0,245.0,15682.0,245.0,161.0,31318.0,161.0,342.0,14384.0,0,24.0,83.0,799.0,15012.0,30855.0,56454.0,70893.0,88780.0,112765.0,26980.0,0,0,4,8.0,6.0,3.0,11.0,3.0,7.0,33.0,29.0,88785.0,0.0,0.0,287.0,12193.0,517.0,84.0,2912.0,84.0,0,0,0,249.0,17556.0,249.0,72.0,14267.0,72.0,78.0,4448.0,78.0,245.0,15682.0,245.0,161.0,31318.0,161.0,347.0,14389.0,0,24.0,83.0,799.0,15012.0,30855.0,56454.0,70893.0,88785.0,7233.0,7233.0,2912.0,2912.0,0,0,17556.0,17556.0,14267.0,14267.0,4448.0,4448.0,15682.0,15682.0,31318.0,31318.0,12604.0,12609.0,20240.0,20240.0,FERTILIZER_net_receipts,-5.0,0.0,mixed/small
108250102,0,Sarthak Sharma ,coke lu,submission_win_control,895.0,"[""FARMERS_MARKET"", ""ICE_CREAM_SHOP""]",0.9443671766342142,0,0,154397.0,27124.0,0,0,4,8.0,6.0,3.0,11.0,3.0,7.0,33.0,29.0,130273.0,0.0,0.0,292.0,11975.0,517.0,84.0,4276.0,84.0,0,0,0,249.0,51253.0,249.0,72.0,14267.0,72.0,78.0,3475.0,78.0,245.0,36521.0,245.0,161.0,18293.0,161.0,342.0,14337.0,0,26.0,85.0,801.0,14641.0,31625.0,65876.0,101971.0,130273.0,153884.0,27506.0,0,0,4,8.0,6.0,3.0,11.0,3.0,7.0,33.0,29.0,129378.0,0.0,0.0,305.0,12350.0,517.0,84.0,4277.0,84.0,0,0,0,249.0,50652.0,249.0,72.0,14267.0,72.0,74.0,3290.0,74.0,245.0,35723.0,245.0,161.0,18894.0,161.0,345.0,14431.0,0,26.0,85.0,801.0,14641.0,30813.0,65504.0,100998.0,129378.0,6879.0,6871.0,4276.0,4277.0,0,0,51253.0,50652.0,14267.0,14267.0,3475.0,3290.0,36521.0,35723.0,18293.0,18894.0,12549.0,12644.0,20240.0,20240.0,WOOL_net_receipts,-601.0,0.0,mixed/small
108252373,0,Sarthak Sharma ,easonyanyan,submission_loss,-3611.0,"[""PET_CAFE"", ""SMOOTHIE_SHOP""]",0.7788595271210014,0,0,83542.0,26861.0,0,0,4,8.0,6.0,3.0,11.0,3.0,7.0,33.0,29.0,59681.0,0.0,0.0,292.0,10463.0,517.0,84.0,6756.0,84.0,0,0,0,249.0,18129.0,249.0,72.0,14267.0,72.0,78.0,4444.0,78.0,245.0,9275.0,245.0,161.0,5533.0,161.0,342.0,14675.0,0,24.0,83.0,800.0,14698.0,25004.0,41400.0,46701.0,59681.0,88410.0,28118.0,0,0,5,8.0,6.0,3.0,11.0,3.0,7.0,33.0,29.0,63292.0,0.0,0.0,376.0,13481.0,581.0,90.0,7176.0,90.0,0,0,0,249.0,19172.0,249.0,72.0,14267.0,72.0,78.0,4422.0,78.0,241.0,9745.0,241.0,144.0,5541.0,144.0,341.0,14606.0,0,24.0,83.0,800.0,14701.0,25013.0,41456.0,48102.0,63292.0,5666.0,8518.0,6756.0,7176.0,0,0,18129.0,19172.0,14267.0,14267.0,4444.0,4422.0,9275.0,9745.0,5533.0,5541.0,12851.0,12314.0,20240.0,20863.0,WHEAT_net_receipts,-2852.0,0.0,mixed/small
108252565,1,Sarthak Sharma ,ChandramouliNagasundaram,submission_win_control,3330.0,"[""FARMERS_MARKET"", ""PET_CAFE""]",0.9248956884561892,0,0,91055.0,27070.0,0,0,4,8.0,6.0,3.0,11.0,3.0,7.0,33.0,29.0,66985.0,0.0,0.0,292.0,11998.0,517.0,84.0,6233.0,84.0,0,0,0,249.0,27487.0,249.0,72.0,14267.0,72.0,78.0,4153.0,78.0,245.0,6851.0,245.0,161.0,5551.0,161.0,342.0,14515.0,0,26.0,85.0,801.0,13642.0,21256.0,41984.0,52866.0,66985.0,88113.0,27458.0,2,0,3,8.0,6.0,3.0,11.0,3.0,7.0,33.0,29.0,63655.0,0.0,0.0,307.0,12453.0,517.0,83.0,6077.0,83.0,0,0,0,249.0,25627.0,249.0,72.0,14267.0,72.0,74.0,3934.0,74.0,242.0,5946.0,242.0,161.0,5531.0,161.0,345.0,14278.0,0,26.0,85.0,800.0,13526.0,20640.0,41396.0,51164.0,63655.0,6970.0,7040.0,6233.0,6077.0,0,0,27487.0,25627.0,14267.0,14267.0,4153.0,3934.0,6851.0,5946.0,5551.0,5531.0,12713.0,12473.0,20240.0,20240.0,WHEAT_net_receipts,-70.0,0.0,mixed/small
108256082,1,Sarthak Sharma ,Nicolas Krusche,submission_loss,-1899.0,"[""BRUNCH_SPOT"", ""FARMERS_MARKET""]",0.8595271210013908,0,0,133496.0,27127.0,0,0,4,8.0,6.0,3.0,11.0,3.0,7.0,33.0,29.0,109369.0,0.0,0.0,291.0,12165.0,517.0,84.0,4144.0,84.0,0,0,0,249.0,49295.0,249.0,72.0,14267.0,72.0,78.0,4502.0,78.0,245.0,4540.0,245.0,161.0,30212.0,161.0,342.0,14371.0,0,18.0,107.0,793.0,13573.0,23535.0,55563.0,86470.0,109369.0,137084.0,28816.0,1,0,4,8.0,6.0,3.0,11.0,3.0,7.0,33.0,29.0,111268.0,0.0,0.0,366.0,14939.0,550.0,90.0,4472.0,90.0,0,0,0,249.0,48833.0,249.0,72.0,14267.0,72.0,78.0,4482.0,78.0,243.0,4673.0,243.0,161.0,30951.0,161.0,349.0,14467.0,0,28.0,88.0,804.0,13914.0,23744.0,56177.0,87316.0,111268.0,7067.0,8591.0,4144.0,4472.0,0,0,49295.0,48833.0,14267.0,14267.0,4502.0,4482.0,4540.0,4673.0,30212.0,30951.0,12582.0,12595.0,20240.0,20596.0,WHEAT_net_receipts,-1524.0,0.0,mixed/small
108258979,1,Sarthak Sharma ,Mohamed El-Nageeb,submission_loss,-2352.0,"[""FARMERS_MARKET"", ""ICE_CREAM_SHOP""]",0.9902642559109874,0,0,119744.0,27121.0,0,0,4,8.0,6.0,3.0,11.0,3.0,7.0,33.0,29.0,95623.0,0.0,0.0,292.0,11753.0,517.0,84.0,11198.0,84.0,0,0,0,249.0,48158.0,249.0,72.0,14267.0,72.0,78.0,3447.0,78.0,245.0,11088.0,245.0,161.0,5509.0,161.0,342.0,14324.0,0,26.0,85.0,801.0,14493.0,25205.0,47611.0,70112.0,95623.0,123033.0,28058.0,0,0,4,8.0,6.0,3.0,11.0,3.0,7.0,33.0,29.0,97975.0,0.0,0.0,322.0,12699.0,517.0,84.0,11274.0,84.0,0,0,0,249.0,48529.0,249.0,72.0,14267.0,72.0,78.0,3448.0,78.0,245.0,12804.0,245.0,161.0,5579.0,161.0,354.0,14433.0,0,26.0,85.0,801.0,14507.0,25653.0,48403.0,71755.0,97975.0,6658.0,6662.0,11198.0,11274.0,0,0,48158.0,48529.0,14267.0,14267.0,3447.0,3448.0,11088.0,12804.0,5509.0,5579.0,12538.0,12652.0,20240.0,20240.0,MILK_net_receipts,-1716.0,0.0,mixed/small
108264523,1,Sarthak Sharma ,bharat,submission_win_control,4825.0,"[""BRUNCH_SPOT"", ""PIZZA_SHOP""]",0.7552155771905424,0,0,110115.0,27161.0,0,0,4,8.0,6.0,3.0,11.0,3.0,7.0,33.0,29.0,85954.0,0.0,0.0,292.0,13001.0,517.0,84.0,4011.0,84.0,0,0,0,249.0,42763.0,249.0,72.0,14267.0,72.0,78.0,4737.0,78.0,245.0,11211.0,245.0,161.0,5620.0,161.0,342.0,14505.0,0,45.0,106.0,822.0,14600.0,26280.0,48506.0,68239.0,85954.0,105587.0,27458.0,0,0,6,8.0,6.0,3.0,11.0,3.0,7.0,33.0,29.0,81129.0,0.0,7.0,288.0,12632.0,511.0,82.0,3972.0,82.0,0,0,0,249.0,41092.0,249.0,72.0,14267.0,72.0,70.0,4224.0,71.0,242.0,9662.0,245.0,161.0,5435.0,161.0,356.0,14303.0,0,8.0,156.0,789.0,14284.0,24517.0,46728.0,65324.0,81129.0,7882.0,7214.0,4011.0,3972.0,0,0,42763.0,41092.0,14267.0,14267.0,4737.0,4224.0,11211.0,9662.0,5620.0,5435.0,12703.0,12490.0,20240.0,20227.0,other_expenses,-13.0,0.0,mixed/small
108270400,1,Sarthak Sharma ,Liyi xin jie,submission_win_control,326.0,"[""YARN_STORE"", ""BAKERY""]",0.45897079276773295,0,0,91277.0,28687.0,1,0,7,6.0,11.0,0,12.0,3.0,7.0,33.0,27.0,65590.0,0.0,0.0,300.0,12124.0,528.0,75.0,3008.0,75.0,0,0,0,238.0,7858.0,249.0,72.0,14267.0,72.0,0,0,0,191.0,8561.0,191.0,278.0,32323.0,282.0,319.0,13136.0,0,24.0,82.0,800.0,15639.0,28218.0,49578.0,54450.0,65590.0,96417.0,34153.0,0,0,8,6.0,11.0,0,12.0,3.0,5.0,31.0,9.0,65264.0,0.0,10.0,537.0,19454.0,586.0,18.0,722.0,18.0,0,0,0,233.0,7146.0,233.0,72.0,14267.0,72.0,0,0,0,192.0,8605.0,192.0,279.0,32321.0,281.0,350.0,13902.0,0,24.0,50.0,213.0,13896.0,27908.0,48098.0,54680.0,65264.0,6186.0,8873.0,3008.0,722.0,0,0,7858.0,7146.0,14267.0,14267.0,0,0,8561.0,8605.0,32323.0,32321.0,12607.0,12562.0,22220.0,22232.0,WHEAT_net_receipts,-2687.0,0.0,sheep-heavy
108275597,1,Sarthak Sharma ,Have a nice trip in USST,submission_loss,-8983.0,"[""PIZZA_SHOP"", ""PIZZA_SHOP""]",0.7844228094575799,0,0,113140.0,27190.0,0,0,4,8.0,6.0,3.0,11.0,3.0,7.0,33.0,29.0,88950.0,0.0,0.0,292.0,11618.0,517.0,84.0,4742.0,84.0,0,0,0,249.0,14198.0,249.0,72.0,14267.0,72.0,78.0,4052.0,78.0,245.0,41461.0,245.0,161.0,8132.0,161.0,342.0,14670.0,0,26.0,85.0,801.0,15217.0,33179.0,58362.0,73480.0,88950.0,124533.0,29600.0,0,0,5,9.0,5.0,3.0,12.0,3.0,7.0,33.0,29.0,97933.0,0.0,0.0,401.0,15720.0,596.0,96.0,5411.0,96.0,0,0,0,249.0,15330.0,249.0,72.0,14267.0,72.0,72.0,3749.0,78.0,266.0,45622.0,266.0,139.0,9690.0,139.0,352.0,14744.0,0,26.0,85.0,801.0,15330.0,33502.0,60748.0,78569.0,97933.0,6502.0,9660.0,4742.0,5411.0,0,0,14198.0,15330.0,14267.0,14267.0,4052.0,3749.0,41461.0,45622.0,8132.0,9690.0,12836.0,12310.0,20240.0,21106.0,MILK_net_receipts,-4161.0,0.0,mixed/small
108276524,0,Sarthak Sharma ,PursueML,submission_loss,-1767.0,"[""BAKERY"", ""BAKERY""]",0.9986091794158554,0,0,73252.0,27142.0,0,0,4,8.0,6.0,3.0,11.0,3.0,7.0,33.0,29.0,49110.0,0.0,0.0,292.0,12994.0,517.0,84.0,3823.0,84.0,0,0,0,249.0,12294.0,249.0,72.0,14267.0,72.0,78.0,5307.0,78.0,245.0,4622.0,245.0,161.0,5517.0,161.0,342.0,14428.0,0,26.0,85.0,801.0,13563.0,20386.0,32291.0,37218.0,49110.0,75398.0,27521.0,0,0,4,8.0,6.0,3.0,11.0,3.0,7.0,33.0,29.0,50877.0,0.0,0.0,305.0,13372.0,517.0,84.0,3837.0,84.0,0,0,0,249.0,13578.0,249.0,72.0,14267.0,72.0,78.0,5300.0,78.0,245.0,5147.0,245.0,161.0,5568.0,161.0,342.0,14329.0,0,26.0,85.0,801.0,13566.0,20412.0,32616.0,37947.0,50877.0,7877.0,7872.0,3823.0,3837.0,0,0,12294.0,13578.0,14267.0,14267.0,5307.0,5300.0,4622.0,5147.0,5517.0,5568.0,12643.0,12548.0,20240.0,20240.0,STRAWBERRY_net_receipts,-1284.0,0.0,mixed/small
108279624,0,Sarthak Sharma ,Riva Kajangu,submission_loss,-6488.0,"[""PET_CAFE"", ""SMOOTHIE_SHOP""]",0.012517385257301807,0,0,94438.0,26542.0,0,0,4,8.0,6.0,3.0,11.0,3.0,7.0,33.0,29.0,70896.0,0.0,0.0,292.0,7713.0,517.0,84.0,8297.0,84.0,0,0,0,249.0,16931.0,249.0,72.0,17117.0,72.0,78.0,3449.0,78.0,245.0,10060.0,245.0,161.0,15992.0,161.0,342.0,14879.0,0,27.0,90.0,774.0,16183.0,29222.0,52436.0,57445.0,70896.0,103756.0,29372.0,1,0,2,5.0,10.0,4.0,12.0,3.0,4.0,28.0,26.0,77384.0,6.0,0.0,430.0,11211.0,626.0,164.0,16772.0,164.0,53.0,3549.0,54.0,193.0,13488.0,193.0,83.0,12730.0,83.0,148.0,6613.0,148.0,152.0,10037.0,152.0,179.0,17250.0,179.0,228.0,12106.0,0,39.0,625.0,187.0,2531.0,22093.0,46552.0,56066.0,77384.0,3282.0,7031.0,8297.0,16772.0,0,3549.0,16931.0,13488.0,17117.0,12730.0,3449.0,6613.0,10060.0,10037.0,15992.0,17250.0,13008.0,12074.0,20240.0,25160.0,CARROT_net_receipts,-8475.0,0.0,sheep-heavy
108284637,1,Sarthak Sharma ,tiki tiki tiki,submission_win_control,3926.0,"[""ICE_CREAM_SHOP"", ""BRUNCH_SPOT""]",0.9235048678720446,0,0,173612.0,27138.0,0,0,4,8.0,6.0,3.0,11.0,3.0,7.0,33.0,29.0,149474.0,0.0,0.0,292.0,12422.0,517.0,84.0,2616.0,84.0,0,0,0,249.0,51045.0,249.0,72.0,14267.0,72.0,78.0,4142.0,78.0,245.0,42519.0,245.0,161.0,32078.0,161.0,342.0,14523.0,0,26.0,85.0,801.0,15144.0,33494.0,70616.0,112962.0,149474.0,170072.0,27524.0,0,0,6,8.0,6.0,3.0,11.0,3.0,7.0,33.0,29.0,145548.0,0.0,2.0,305.0,12800.0,517.0,84.0,2577.0,84.0,0,0,0,249.0,50194.0,249.0,72.0,14267.0,72.0,74.0,3929.0,74.0,245.0,40805.0,245.0,161.0,31225.0,161.0,350.0,14275.0,0,26.0,85.0,800.0,14809.0,31868.0,68913.0,110529.0,145548.0,7326.0,7321.0,2616.0,2577.0,0,0,51045.0,50194.0,14267.0,14267.0,4142.0,3929.0,42519.0,40805.0,32078.0,31225.0,12721.0,12470.0,20240.0,20240.0,TOMATO_net_receipts,0,0.0,mixed/small
108289656,0,Sarthak Sharma ,guochangZhang,submission_win_control,3643.0,"[""PIZZA_SHOP"", ""PET_CAFE""]",0.9346314325452016,0,0,109363.0,27047.0,0,0,4,8.0,6.0,3.0,11.0,3.0,7.0,33.0,29.0,85316.0,0.0,0.0,292.0,10451.0,517.0,84.0,11254.0,84.0,0,0,0,249.0,5369.0,249.0,72.0,14267.0,72.0,78.0,3452.0,78.0,245.0,14471.0,245.0,161.0,35576.0,161.0,342.0,14523.0,0,26.0,85.0,801.0,15149.0,31275.0,47762.0,61062.0,85316.0,106106.0,27433.0,0,0,4,8.0,6.0,3.0,11.0,3.0,7.0,33.0,29.0,81673.0,0.0,0.0,305.0,10819.0,517.0,83.0,10781.0,83.0,0,0,0,249.0,4579.0,249.0,72.0,14267.0,72.0,74.0,3280.0,74.0,245.0,12647.0,245.0,161.0,35463.0,161.0,345.0,14270.0,0,26.0,85.0,800.0,14932.0,29539.0,45644.0,58447.0,81673.0,5446.0,5431.0,11254.0,10781.0,0,0,5369.0,4579.0,14267.0,14267.0,3452.0,3280.0,14471.0,12647.0,35576.0,35463.0,12721.0,12465.0,20240.0,20240.0,TOMATO_net_receipts,0,0.0,mixed/small
108289589,1,Sarthak Sharma ,uns.t,submission_win_control,3768.0,"[""PIZZA_SHOP"", ""BAKERY""]",0.9235048678720446,0,0,81176.0,27159.0,0,0,4,8.0,6.0,3.0,11.0,3.0,7.0,33.0,29.0,57017.0,0.0,0.0,292.0,12215.0,517.0,84.0,5093.0,84.0,0,0,0,249.0,10025.0,249.0,72.0,14267.0,72.0,78.0,4591.0,78.0,245.0,14940.0,245.0,161.0,5522.0,161.0,342.0,14523.0,0,26.0,85.0,801.0,14949.0,28467.0,39308.0,44620.0,57017.0,77795.0,27546.0,2,0,3,8.0,6.0,3.0,11.0,3.0,7.0,33.0,29.0,53249.0,0.0,0.0,309.0,12768.0,519.0,83.0,4992.0,83.0,0,0,0,249.0,8987.0,249.0,72.0,14267.0,72.0,74.0,4335.0,74.0,242.0,12614.0,242.0,161.0,5564.0,161.0,343.0,14268.0,0,26.0,85.0,800.0,14831.0,26767.0,37473.0,42112.0,53249.0,7098.0,7267.0,5093.0,4992.0,0,0,10025.0,8987.0,14267.0,14267.0,4591.0,4335.0,14940.0,12614.0,5522.0,5564.0,12721.0,12463.0,20240.0,20240.0,WHEAT_net_receipts,-169.0,0.0,mixed/small
108294555,0,Sarthak Sharma ,Variiiiiii,submission_tie,0.0,"[""BRUNCH_SPOT"", ""BAKERY""]",1.0,0,0,112097.0,27116.0,0,0,4,8.0,6.0,3.0,11.0,3.0,7.0,33.0,29.0,87981.0,0.0,0.0,292.0,11967.0,517.0,84.0,3714.0,84.0,0,0,0,249.0,21051.0,249.0,72.0,14267.0,72.0,78.0,4701.0,78.0,245.0,6582.0,245.0,161.0,35431.0,161.0,342.0,14384.0,0,26.0,85.0,801.0,13651.0,23959.0,52277.0,68339.0,87981.0,112480.0,27499.0,0,0,4,8.0,6.0,3.0,11.0,3.0,7.0,33.0,29.0,87981.0,0.0,0.0,305.0,12350.0,517.0,84.0,3714.0,84.0,0,0,0,249.0,21051.0,249.0,72.0,14267.0,72.0,78.0,4701.0,78.0,245.0,6582.0,245.0,161.0,35431.0,161.0,342.0,14384.0,0,26.0,85.0,801.0,13651.0,23959.0,52277.0,68339.0,87981.0,6871.0,6871.0,3714.0,3714.0,0,0,21051.0,21051.0,14267.0,14267.0,4701.0,4701.0,6582.0,6582.0,35431.0,35431.0,12604.0,12604.0,20240.0,20240.0,WHEAT_net_receipts,0.0,0.0,mixed/small
108296103,0,Sarthak Sharma ,Ant,submission_loss,-3518.0,"[""BAKERY"", ""ICE_CREAM_SHOP""]",0.9652294853963839,0,0,115653.0,27143.0,0,0,4,8.0,6.0,3.0,11.0,3.0,7.0,33.0,29.0,91510.0,0.0,0.0,292.0,12696.0,517.0,84.0,4704.0,84.0,0,0,0,249.0,39664.0,249.0,72.0,14466.0,72.0,78.0,4209.0,78.0,245.0,9181.0,245.0,161.0,16349.0,161.0,342.0,14384.0,0,22.0,81.0,797.0,14512.0,27016.0,53190.0,73457.0,91510.0,123838.0,31810.0,0,0,5,8.0,6.0,3.0,11.0,3.0,7.0,33.0,29.0,95028.0,0.0,0.0,448.0,17447.0,517.0,84.0,4715.0,84.0,0,0,0,249.0,40895.0,249.0,66.0,13560.0,66.0,78.0,4213.0,78.0,245.0,9727.0,245.0,161.0,18895.0,161.0,344.0,14386.0,0,106.0,165.0,881.0,13693.0,26279.0,53401.0,75516.0,95028.0,7573.0,7577.0,4704.0,4715.0,0,0,39664.0,40895.0,14466.0,13560.0,4209.0,4213.0,9181.0,9727.0,16349.0,18895.0,12604.0,12606.0,20240.0,20160.0,WOOL_net_receipts,-2546.0,0.0,mixed/small
108298536,1,Sarthak Sharma ,Marwan Ashref,submission_win_control,3577.0,"[""BRUNCH_SPOT"", ""PET_CAFE""]",0.9346314325452016,0,0,108224.0,27047.0,0,0,4,8.0,6.0,3.0,11.0,3.0,7.0,33.0,29.0,84177.0,0.0,0.0,292.0,10014.0,517.0,84.0,4444.0,84.0,0,0,0,249.0,17490.0,249.0,72.0,14267.0,72.0,78.0,4314.0,78.0,245.0,4923.0,245.0,161.0,38249.0,161.0,342.0,14523.0,0,26.0,85.0,801.0,13786.0,23906.0,49797.0,64676.0,84177.0,105033.0,27433.0,0,0,4,8.0,6.0,3.0,11.0,3.0,7.0,33.0,29.0,80600.0,0.0,0.0,305.0,10372.0,517.0,83.0,4347.0,83.0,0,0,0,249.0,15139.0,249.0,72.0,14267.0,72.0,74.0,4091.0,74.0,245.0,4386.0,245.0,161.0,38161.0,161.0,345.0,14270.0,0,26.0,85.0,800.0,13569.0,23003.0,48863.0,63057.0,80600.0,5009.0,4984.0,4444.0,4347.0,0,0,17490.0,15139.0,14267.0,14267.0,4314.0,4091.0,4923.0,4386.0,38249.0,38161.0,12721.0,12465.0,20240.0,20240.0,TOMATO_net_receipts,0,0.0,mixed/small
108301763,1,Sarthak Sharma ,HY ISHI,submission_win_control,1279.0,"[""BAKERY"", ""FARMERS_MARKET""]",0.9930458970792768,0,0,113976.0,27187.0,0,0,4,8.0,6.0,3.0,11.0,3.0,7.0,33.0,29.0,89789.0,0.0,0.0,292.0,13057.0,517.0,84.0,5306.0,84.0,0,0,0,249.0,51138.0,249.0,72.0,14267.0,72.0,78.0,4212.0,78.0,245.0,5814.0,245.0,161.0,5510.0,161.0,342.0,14672.0,0,26.0,85.0,801.0,13571.0,20738.0,43469.0,67871.0,89789.0,113080.0,27570.0,1,0,12,8.0,6.0,3.0,11.0,3.0,7.0,33.0,29.0,88510.0,0.0,0.0,321.0,14221.0,517.0,84.0,5291.0,84.0,0,0,0,242.0,49739.0,243.0,72.0,14267.0,72.0,77.0,4156.0,78.0,218.0,5656.0,218.0,160.0,5581.0,160.0,326.0,14169.0,0,26.0,85.0,801.0,13491.0,20490.0,42734.0,66594.0,88510.0,7940.0,8721.0,5306.0,5291.0,0,0,51138.0,49739.0,14267.0,14267.0,4212.0,4156.0,5814.0,5656.0,5510.0,5581.0,12842.0,12339.0,20240.0,20240.0,WHEAT_net_receipts,-781.0,0.0,mixed/small
108304704,0,Sarthak Sharma ,bnfan,submission_tie,0.0,"[""YARN_STORE"", ""SMOOTHIE_SHOP""]",1.0,0,0,157014.0,27255.0,1,0,18,6.0,11.0,0,12.0,3.0,7.0,33.0,29.0,132759.0,0.0,0.0,267.0,7390.0,517.0,84.0,2339.0,84.0,0,0,0,249.0,22136.0,249.0,72.0,14267.0,72.0,0,0,0,190.0,30685.0,190.0,272.0,66539.0,272.0,336.0,13658.0,0,26.0,85.0,802.0,15814.0,34107.0,71865.0,102392.0,132759.0,157397.0,27638.0,1,0,18,6.0,11.0,0,12.0,3.0,7.0,33.0,29.0,132759.0,0.0,0.0,280.0,7773.0,517.0,84.0,2339.0,84.0,0,0,0,249.0,22136.0,249.0,72.0,14267.0,72.0,0,0,0,190.0,30685.0,190.0,272.0,66539.0,272.0,336.0,13658.0,0,26.0,85.0,802.0,15814.0,34107.0,71865.0,102392.0,132759.0,3604.0,3604.0,2339.0,2339.0,0,0,22136.0,22136.0,14267.0,14267.0,0,0,30685.0,30685.0,66539.0,66539.0,12612.0,12612.0,22423.0,22423.0,WHEAT_net_receipts,0.0,0.0,sheep-heavy
108309465,0,Sarthak Sharma ,Jiachen Li,submission_tie,0.0,"[""SMOOTHIE_SHOP"", ""PET_CAFE""]",0.9986091794158554,0,0,113629.0,26813.0,0,0,4,8.0,6.0,3.0,11.0,3.0,7.0,33.0,29.0,89816.0,0.0,0.0,292.0,10787.0,517.0,84.0,7486.0,84.0,0,0,0,249.0,40891.0,249.0,72.0,14267.0,72.0,78.0,4009.0,78.0,245.0,16251.0,245.0,161.0,5554.0,161.0,342.0,14384.0,0,26.0,85.0,802.0,15145.0,29617.0,52384.0,70048.0,89816.0,114012.0,27196.0,0,0,4,8.0,6.0,3.0,11.0,3.0,7.0,33.0,29.0,89816.0,0.0,0.0,305.0,11170.0,517.0,84.0,7486.0,84.0,0,0,0,249.0,40891.0,249.0,72.0,14267.0,72.0,78.0,4009.0,78.0,245.0,16251.0,245.0,161.0,5554.0,161.0,342.0,14384.0,0,26.0,85.0,802.0,15145.0,29617.0,52384.0,70048.0,89816.0,5994.0,5994.0,7486.0,7486.0,0,0,40891.0,40891.0,14267.0,14267.0,4009.0,4009.0,16251.0,16251.0,5554.0,5554.0,12604.0,12604.0,20240.0,20240.0,WHEAT_net_receipts,0.0,0.0,mixed/small
108311702,1,Sarthak Sharma ,ansheng jhang,submission_loss,-2951.0,"[""BAKERY"", ""BAKERY""]",0.9749652294853964,0,0,94856.0,27121.0,0,0,4,8.0,6.0,3.0,11.0,3.0,7.0,33.0,29.0,70735.0,0.0,0.0,292.0,12142.0,517.0,84.0,4146.0,84.0,0,0,0,249.0,6973.0,249.0,72.0,14267.0,72.0,78.0,5005.0,78.0,245.0,4384.0,245.0,161.0,33640.0,161.0,342.0,14299.0,0,26.0,85.0,801.0,13641.0,23073.0,40370.0,52777.0,70735.0,98187.0,27501.0,0,0,4,8.0,6.0,3.0,11.0,3.0,7.0,33.0,29.0,73686.0,0.0,0.0,305.0,12536.0,517.0,84.0,4159.0,84.0,0,0,0,249.0,8658.0,249.0,72.0,14267.0,72.0,78.0,5011.0,78.0,245.0,4737.0,245.0,161.0,34363.0,161.0,347.0,14456.0,0,26.0,85.0,801.0,13652.0,23319.0,41363.0,54673.0,73686.0,7047.0,7056.0,4146.0,4159.0,0,0,6973.0,8658.0,14267.0,14267.0,5005.0,5011.0,4384.0,4737.0,33640.0,34363.0,12513.0,12675.0,20240.0,20240.0,STRAWBERRY_net_receipts,-1685.0,0.0,mixed/small
108313710,1,Sarthak Sharma ,macaron,submission_loss,-5.0,"[""BRUNCH_SPOT"", ""ICE_CREAM_SHOP""]",0.9916550764951322,0,0,125141.0,27137.0,0,0,4,8.0,6.0,3.0,11.0,3.0,7.0,33.0,29.0,101004.0,0.0,0.0,292.0,12461.0,517.0,84.0,2339.0,84.0,0,0,0,249.0,57039.0,249.0,72.0,14267.0,72.0,78.0,4976.0,78.0,245.0,14121.0,245.0,161.0,5554.0,161.0,342.0,14384.0,0,26.0,85.0,801.0,14491.0,27125.0,53059.0,81113.0,101004.0,125529.0,27520.0,0,0,4,8.0,6.0,3.0,11.0,3.0,7.0,33.0,29.0,101009.0,0.0,0.0,305.0,12844.0,517.0,84.0,2339.0,84.0,0,0,0,249.0,57039.0,249.0,72.0,14267.0,72.0,78.0,4976.0,78.0,245.0,14121.0,245.0,161.0,5554.0,161.0,347.0,14389.0,0,26.0,85.0,801.0,14491.0,27125.0,53059.0,81113.0,101009.0,7344.0,7344.0,2339.0,2339.0,0,0,57039.0,57039.0,14267.0,14267.0,4976.0,4976.0,14121.0,14121.0,5554.0,5554.0,12604.0,12609.0,20240.0,20240.0,FERTILIZER_net_receipts,-5.0,0.0,mixed/small
108315781,1,Sarthak Sharma ,Kamma,submission_win_control,4579.0,"[""PIZZA_SHOP"", ""ICE_CREAM_SHOP""]",0.9346314325452016,0,0,137895.0,27170.0,0,0,4,8.0,6.0,3.0,11.0,3.0,7.0,33.0,29.0,113725.0,0.0,0.0,292.0,12330.0,517.0,84.0,3741.0,84.0,0,0,0,249.0,22518.0,249.0,72.0,14267.0,72.0,78.0,4056.0,78.0,245.0,51875.0,245.0,161.0,14589.0,161.0,342.0,14519.0,0,26.0,85.0,801.0,15315.0,33819.0,63501.0,84305.0,113725.0,133684.0,27538.0,0,0,4,8.0,6.0,3.0,11.0,3.0,7.0,33.0,29.0,109146.0,0.0,0.0,305.0,12697.0,517.0,83.0,3646.0,83.0,0,0,0,249.0,20237.0,249.0,72.0,14267.0,72.0,74.0,3851.0,74.0,245.0,50933.0,245.0,161.0,13779.0,161.0,345.0,14274.0,0,26.0,85.0,800.0,15032.0,32859.0,62637.0,82573.0,109146.0,7213.0,7196.0,3741.0,3646.0,0,0,22518.0,20237.0,14267.0,14267.0,4056.0,3851.0,51875.0,50933.0,14589.0,13779.0,12706.0,12477.0,20240.0,20240.0,TOMATO_net_receipts,0,0.0,mixed/small
108318819,0,Sarthak Sharma ,珍珠,submission_loss,-5.0,"[""FARMERS_MARKET"", ""FARMERS_MARKET""]",0.933240611961057,0,0,137056.0,27137.0,0,0,4,8.0,6.0,3.0,11.0,3.0,7.0,33.0,29.0,112919.0,0.0,0.0,292.0,12283.0,517.0,84.0,4535.0,84.0,0,0,0,249.0,56272.0,249.0,72.0,14267.0,72.0,78.0,4049.0,78.0,245.0,6433.0,245.0,161.0,24833.0,161.0,342.0,14384.0,0,26.0,85.0,801.0,13568.0,22533.0,52891.0,84877.0,112919.0,137444.0,27520.0,0,0,0,8.0,6.0,3.0,11.0,3.0,7.0,33.0,29.0,112924.0,0.0,0.0,305.0,12666.0,517.0,84.0,4535.0,84.0,0,0,0,249.0,56272.0,249.0,72.0,14267.0,72.0,78.0,4049.0,78.0,245.0,6433.0,245.0,161.0,24833.0,161.0,347.0,14389.0,0,26.0,85.0,801.0,13568.0,22533.0,52891.0,84877.0,112924.0,7166.0,7166.0,4535.0,4535.0,0,0,56272.0,56272.0,14267.0,14267.0,4049.0,4049.0,6433.0,6433.0,24833.0,24833.0,12604.0,12609.0,20240.0,20240.0,FERTILIZER_net_receipts,-5.0,0.0,mixed/small
108319928,1,Sarthak Sharma ,alex chilton,submission_loss,-8594.0,"[""FARMERS_MARKET"", ""PET_CAFE""]",0.5869262865090403,0,0,117893.0,27047.0,0,0,4,8.0,6.0,3.0,11.0,3.0,7.0,33.0,29.0,93846.0,0.0,0.0,292.0,11289.0,517.0,84.0,5447.0,84.0,0,0,0,249.0,38092.0,249.0,72.0,14267.0,72.0,78.0,3461.0,78.0,245.0,25347.0,245.0,161.0,5517.0,161.0,342.0,14473.0,0,26.0,85.0,801.0,13859.0,23884.0,46724.0,69706.0,93846.0,138662.0,39222.0,0,0,4,8.0,6.0,3.0,13.0,4.0,8.0,33.0,29.0,102440.0,0.0,0.0,516.0,18987.0,573.0,85.0,5504.0,85.0,80.0,10306.0,80.0,249.0,39480.0,249.0,72.0,14267.0,72.0,73.0,3257.0,73.0,242.0,26608.0,242.0,99.0,5506.0,99.0,358.0,14747.0,0,26.0,85.0,801.0,13863.0,24734.0,43189.0,67515.0,102440.0,6290.0,10144.0,5447.0,5504.0,0,10306.0,38092.0,39480.0,14267.0,14267.0,3461.0,3257.0,25347.0,26608.0,5517.0,5506.0,12665.0,12480.0,20240.0,28112.0,TOMATO_net_receipts,-10306.0,0.0,mixed/small
108321050,1,Sarthak Sharma ,Shadowfishes,submission_loss,-8540.0,"[""BRUNCH_SPOT"", ""FARMERS_MARKET""]",0.6161335187760779,0,0,139980.0,27175.0,0,0,4,8.0,6.0,3.0,11.0,3.0,7.0,33.0,29.0,115805.0,0.0,0.0,292.0,11863.0,517.0,84.0,4774.0,84.0,0,0,0,249.0,54845.0,249.0,72.0,14267.0,72.0,78.0,4272.0,78.0,245.0,4935.0,245.0,161.0,30327.0,161.0,342.0,14697.0,0,26.0,85.0,801.0,13641.0,23565.0,55869.0,89637.0,115805.0,158252.0,36907.0,0,0,4,8.0,6.0,3.0,13.0,4.0,8.0,33.0,29.0,124345.0,0.0,0.0,429.0,17323.0,585.0,85.0,4751.0,85.0,80.0,11770.0,80.0,248.0,54685.0,249.0,72.0,14267.0,72.0,69.0,3781.0,78.0,179.0,5218.0,181.0,161.0,31654.0,161.0,345.0,14803.0,0,26.0,85.0,801.0,13655.0,23808.0,51585.0,85833.0,124345.0,6768.0,11286.0,4774.0,4751.0,0,11770.0,54845.0,54685.0,14267.0,14267.0,4272.0,3781.0,4935.0,5218.0,30327.0,31654.0,12857.0,12278.0,20240.0,28345.0,TOMATO_net_receipts,-11770.0,0.0,mixed/small
108325686,1,Sarthak Sharma ,Meerub Atiq,submission_tie,0.0,"[""BRUNCH_SPOT"", ""ICE_CREAM_SHOP""]",0.9930458970792768,0,0,155110.0,27137.0,0,0,4,8.0,6.0,3.0,11.0,3.0,7.0,33.0,29.0,130973.0,0.0,0.0,292.0,12731.0,517.0,84.0,2339.0,84.0,0,0,0,249.0,53927.0,249.0,72.0,14267.0,72.0,78.0,4448.0,78.0,245.0,45115.0,245.0,161.0,7899.0,161.0,342.0,14384.0,0,26.0,85.0,801.0,14629.0,30905.0,61561.0,98969.0,130973.0,155493.0,27520.0,0,0,4,8.0,6.0,3.0,11.0,3.0,7.0,33.0,29.0,130973.0,0.0,0.0,305.0,13114.0,517.0,84.0,2339.0,84.0,0,0,0,249.0,53927.0,249.0,72.0,14267.0,72.0,78.0,4448.0,78.0,245.0,45115.0,245.0,161.0,7899.0,161.0,342.0,14384.0,0,26.0,85.0,801.0,14629.0,30905.0,61561.0,98969.0,130973.0,7614.0,7614.0,2339.0,2339.0,0,0,53927.0,53927.0,14267.0,14267.0,4448.0,4448.0,45115.0,45115.0,7899.0,7899.0,12604.0,12604.0,20240.0,20240.0,WHEAT_net_receipts,0.0,0.0,mixed/small
108325645,0,Sarthak Sharma ,OceanMix,submission_loss,-15392.0,"[""PET_CAFE"", ""YARN_STORE""]",0.9248956884561892,0,0,111408.0,26430.0,0,0,23,6.0,10.0,0,12.0,3.0,7.0,33.0,29.0,87978.0,0.0,0.0,275.0,8154.0,517.0,84.0,7438.0,84.0,0,0,0,247.0,3539.0,247.0,72.0,14267.0,72.0,0,0,0,191.0,5190.0,191.0,251.0,59310.0,251.0,325.0,13510.0,0,22.0,81.0,798.0,16171.0,27938.0,46288.0,65257.0,87978.0,132450.0,32080.0,1,0,21,4.0,13.0,0,12.0,3.0,7.0,33.0,29.0,103370.0,0.0,0.0,428.0,12846.0,517.0,84.0,7488.0,84.0,0,0,0,249.0,4798.0,249.0,72.0,14267.0,72.0,0,0,0,138.0,5530.0,138.0,311.0,73647.0,311.0,341.0,13874.0,0,26.0,85.0,802.0,14476.0,27944.0,52020.0,76272.0,103370.0,4696.0,4407.0,7438.0,7488.0,0,0,3539.0,4798.0,14267.0,14267.0,0,0,5190.0,5530.0,59310.0,73647.0,12421.0,12782.0,21883.0,22549.0,WOOL_net_receipts,-14337.0,0.0,sheep-heavy
108327339,1,Sarthak Sharma ,Haroon Rasheed,submission_loss,-1324.0,"[""YARN_STORE"", ""ICE_CREAM_SHOP""]",1.0,0,0,109172.0,28570.0,1,0,7,6.0,11.0,0,12.0,3.0,7.0,33.0,27.0,83602.0,0.0,0.0,300.0,11557.0,528.0,75.0,3587.0,75.0,0,0,0,238.0,16416.0,249.0,72.0,14267.0,72.0,0,0,0,191.0,19461.0,191.0,278.0,30809.0,282.0,319.0,13075.0,0,26.0,85.0,802.0,16694.0,31175.0,63229.0,68335.0,83602.0,114113.0,32187.0,0,0,7,6.0,11.0,0,12.0,3.0,7.0,33.0,27.0,84926.0,0.0,0.0,400.0,15513.0,528.0,75.0,3587.0,75.0,0,0,0,246.0,18019.0,249.0,72.0,14267.0,72.0,0,0,0,191.0,17958.0,191.0,278.0,31558.0,282.0,322.0,13211.0,0,26.0,85.0,802.0,16056.0,30637.0,63491.0,68875.0,84926.0,5749.0,6088.0,3587.0,3587.0,0,0,16416.0,18019.0,14267.0,14267.0,0,0,19461.0,17958.0,30809.0,31558.0,12533.0,12669.0,22220.0,22220.0,STRAWBERRY_net_receipts,-1603.0,0.0,sheep-heavy
108331733,1,Sarthak Sharma ,Alperen Söylen,submission_loss,-1.0,"[""ICE_CREAM_SHOP"", ""BAKERY""]",0.9972183588317107,0,0,137707.0,27116.0,0,0,4,8.0,6.0,3.0,11.0,3.0,7.0,33.0,29.0,113591.0,0.0,0.0,292.0,12123.0,517.0,84.0,2598.0,84.0,0,0,0,249.0,27651.0,249.0,72.0,14267.0,72.0,78.0,4286.0,78.0,245.0,31080.0,245.0,161.0,31318.0,161.0,342.0,14384.0,0,26.0,85.0,801.0,15014.0,32532.0,65637.0,89481.0,113591.0,138091.0,27499.0,0,0,3,8.0,6.0,3.0,11.0,3.0,7.0,33.0,29.0,113592.0,0.0,0.0,305.0,12506.0,517.0,84.0,2598.0,84.0,0,0,0,249.0,27651.0,249.0,72.0,14267.0,72.0,78.0,4286.0,78.0,245.0,31080.0,245.0,161.0,31318.0,161.0,343.0,14385.0,0,26.0,85.0,801.0,15014.0,32532.0,65637.0,89481.0,113592.0,7027.0,7027.0,2598.0,2598.0,0,0,27651.0,27651.0,14267.0,14267.0,4286.0,4286.0,31080.0,31080.0,31318.0,31318.0,12604.0,12605.0,20240.0,20240.0,FERTILIZER_net_receipts,-1.0,0.0,mixed/small
108333863,1,Sarthak Sharma ,星之海,submission_tie,0.0,"[""PIZZA_SHOP"", ""SMOOTHIE_SHOP""]",1.0,0,0,128956.0,27025.0,0,0,4,8.0,6.0,3.0,11.0,3.0,7.0,33.0,29.0,104931.0,0.0,0.0,292.0,11686.0,517.0,84.0,2339.0,84.0,0,0,0,249.0,21051.0,249.0,72.0,14267.0,72.0,78.0,4347.0,78.0,245.0,52983.0,245.0,161.0,7899.0,161.0,342.0,14384.0,0,26.0,85.0,801.0,15355.0,34103.0,63687.0,82822.0,104931.0,129339.0,27408.0,0,0,4,8.0,6.0,3.0,11.0,3.0,7.0,33.0,29.0,104931.0,0.0,0.0,305.0,12069.0,517.0,84.0,2339.0,84.0,0,0,0,249.0,21051.0,249.0,72.0,14267.0,72.0,78.0,4347.0,78.0,245.0,52983.0,245.0,161.0,7899.0,161.0,342.0,14384.0,0,26.0,85.0,801.0,15355.0,34103.0,63687.0,82822.0,104931.0,6681.0,6681.0,2339.0,2339.0,0,0,21051.0,21051.0,14267.0,14267.0,4347.0,4347.0,52983.0,52983.0,7899.0,7899.0,12604.0,12604.0,20240.0,20240.0,WHEAT_net_receipts,0.0,0.0,mixed/small
108337956,0,Sarthak Sharma ,Otter Vibe,submission_loss,-8101.0,"[""BAKERY"", ""BAKERY""]",0.0027816411682892906,0,0,92050.0,27585.0,0,0,4,8.0,6.0,3.0,11.0,3.0,7.0,33.0,29.0,67465.0,0.0,0.0,292.0,11340.0,517.0,84.0,4662.0,84.0,0,0,0,249.0,18272.0,249.0,72.0,16536.0,72.0,78.0,3289.0,78.0,245.0,13062.0,245.0,161.0,7134.0,161.0,342.0,17755.0,0,33.0,90.0,794.0,16056.0,29297.0,44404.0,52458.0,67465.0,104547.0,31981.0,0,0,0,2.0,4.0,10.0,15.0,3.0,3.0,10.0,30.0,75566.0,7.0,0.0,506.0,19842.0,742.0,231.0,12393.0,263.0,197.0,12897.0,203.0,80.0,8698.0,80.0,96.0,13736.0,96.0,446.0,19686.0,456.0,33.0,1601.0,37.0,36.0,4037.0,41.0,191.0,11657.0,0,264.0,682.0,1219.0,11750.0,24395.0,42433.0,54950.0,75566.0,6251.0,15369.0,4662.0,12393.0,0,12897.0,18272.0,8698.0,16536.0,13736.0,3289.0,19686.0,13062.0,1601.0,7134.0,4037.0,15499.0,8353.0,20240.0,24204.0,EGG_net_receipts,-16397.0,0.0,goose-heavy
108340945,0,Sarthak Sharma ,seele,submission_tie,0.0,"[""PIZZA_SHOP"", ""ICE_CREAM_SHOP""]",1.0,0,0,153262.0,27137.0,0,0,4,8.0,6.0,3.0,11.0,3.0,7.0,33.0,29.0,129125.0,0.0,0.0,292.0,12219.0,517.0,84.0,2912.0,84.0,0,0,0,249.0,19404.0,249.0,72.0,14267.0,72.0,78.0,3466.0,78.0,245.0,57192.0,245.0,161.0,29418.0,161.0,342.0,14384.0,0,26.0,85.0,801.0,15283.0,35639.0,69785.0,96859.0,129125.0,153645.0,27520.0,0,0,4,8.0,6.0,3.0,11.0,3.0,7.0,33.0,29.0,129125.0,0.0,0.0,305.0,12602.0,517.0,84.0,2912.0,84.0,0,0,0,249.0,19404.0,249.0,72.0,14267.0,72.0,78.0,3466.0,78.0,245.0,57192.0,245.0,161.0,29418.0,161.0,342.0,14384.0,0,26.0,85.0,801.0,15283.0,35639.0,69785.0,96859.0,129125.0,7102.0,7102.0,2912.0,2912.0,0,0,19404.0,19404.0,14267.0,14267.0,3466.0,3466.0,57192.0,57192.0,29418.0,29418.0,12604.0,12604.0,20240.0,20240.0,WHEAT_net_receipts,0.0,0.0,mixed/small
108342903,0,Sarthak Sharma ,fan2goa1,submission_win_control,3976.0,"[""BAKERY"", ""PET_CAFE""]",0.9346314325452016,0,0,97793.0,27070.0,0,0,4,8.0,6.0,3.0,11.0,3.0,7.0,33.0,29.0,73723.0,0.0,0.0,292.0,11291.0,517.0,84.0,31794.0,84.0,0,0,0,249.0,11146.0,249.0,72.0,14267.0,72.0,78.0,4225.0,78.0,245.0,4923.0,245.0,161.0,5624.0,161.0,342.0,14523.0,0,26.0,85.0,801.0,13715.0,20760.0,31861.0,35940.0,73723.0,94205.0,27458.0,0,0,4,8.0,6.0,3.0,11.0,3.0,7.0,33.0,29.0,69747.0,0.0,0.0,305.0,11660.0,517.0,83.0,30668.0,83.0,0,0,0,249.0,9513.0,249.0,72.0,14267.0,72.0,74.0,4010.0,74.0,245.0,4386.0,245.0,161.0,5431.0,161.0,345.0,14270.0,0,26.0,85.0,800.0,13432.0,19791.0,30709.0,34335.0,69747.0,6263.0,6247.0,31794.0,30668.0,0,0,11146.0,9513.0,14267.0,14267.0,4225.0,4010.0,4923.0,4386.0,5624.0,5431.0,12721.0,12465.0,20240.0,20240.0,TOMATO_net_receipts,0,0.0,mixed/small
108347008,0,Sarthak Sharma ,yzyhello,submission_loss,-5.0,"[""PET_CAFE"", ""PET_CAFE""]",0.9916550764951322,0,0,74163.0,26842.0,0,0,4,8.0,6.0,3.0,11.0,3.0,7.0,33.0,29.0,50321.0,0.0,0.0,292.0,10889.0,517.0,84.0,7623.0,84.0,0,0,0,249.0,5878.0,249.0,72.0,14267.0,72.0,78.0,4049.0,78.0,245.0,9174.0,245.0,161.0,7899.0,161.0,342.0,14384.0,0,26.0,85.0,802.0,13767.0,20755.0,28012.0,34725.0,50321.0,74551.0,27225.0,0,0,4,8.0,6.0,3.0,11.0,3.0,7.0,33.0,29.0,50326.0,0.0,0.0,305.0,11272.0,517.0,84.0,7623.0,84.0,0,0,0,249.0,5878.0,249.0,72.0,14267.0,72.0,78.0,4049.0,78.0,245.0,9174.0,245.0,161.0,7899.0,161.0,347.0,14389.0,0,26.0,85.0,802.0,13767.0,20755.0,28012.0,34725.0,50326.0,6067.0,6067.0,7623.0,7623.0,0,0,5878.0,5878.0,14267.0,14267.0,4049.0,4049.0,9174.0,9174.0,7899.0,7899.0,12604.0,12609.0,20240.0,20240.0,FERTILIZER_net_receipts,-5.0,0.0,mixed/small
108351769,1,Sarthak Sharma ,nanare,submission_win_control,8800.0,"[""PET_CAFE"", ""PIZZA_SHOP""]",0.05285118219749652,0,0,98630.0,27087.0,0,0,4,8.0,6.0,3.0,11.0,3.0,7.0,33.0,29.0,74543.0,0.0,0.0,292.0,11986.0,517.0,84.0,7096.0,84.0,0,0,0,249.0,12841.0,249.0,72.0,14267.0,72.0,78.0,3412.0,78.0,245.0,24815.0,245.0,161.0,8926.0,161.0,342.0,15287.0,0,21.0,79.0,797.0,14751.0,29627.0,47137.0,57492.0,74543.0,92391.0,29648.0,1,0,12,9.0,5.0,3.0,13.0,3.0,8.0,33.0,30.0,65743.0,0.0,0.0,355.0,14740.0,566.0,92.0,6935.0,93.0,0,0,0,262.0,10308.0,262.0,72.0,14267.0,72.0,88.0,3893.0,88.0,234.0,22174.0,234.0,131.0,6170.0,131.0,327.0,13904.0,0,25.0,150.0,215.0,14752.0,24575.0,42849.0,49799.0,65743.0,7045.0,10126.0,7096.0,6935.0,0,0,12841.0,10308.0,14267.0,14267.0,3412.0,3893.0,24815.0,22174.0,8926.0,6170.0,13381.0,11722.0,20240.0,22852.0,WHEAT_net_receipts,-3081.0,0.0,mixed/small
108354104,1,Sarthak Sharma ,prairieee,submission_loss,-5140.0,"[""BAKERY"", ""ICE_CREAM_SHOP""]",0.9902642559109874,0,0,97274.0,27121.0,0,0,4,8.0,6.0,3.0,11.0,3.0,7.0,33.0,29.0,73153.0,0.0,0.0,292.0,12053.0,517.0,84.0,4173.0,84.0,0,0,0,249.0,16912.0,249.0,72.0,14267.0,72.0,78.0,4527.0,78.0,245.0,9832.0,245.0,161.0,21200.0,161.0,342.0,14310.0,0,26.0,85.0,801.0,14493.0,24933.0,43647.0,55328.0,73153.0,103351.0,28058.0,0,0,4,8.0,6.0,3.0,11.0,3.0,7.0,33.0,29.0,78293.0,0.0,0.0,322.0,12994.0,517.0,84.0,4191.0,84.0,0,0,0,249.0,18123.0,249.0,72.0,14267.0,72.0,78.0,4525.0,78.0,245.0,11171.0,245.0,161.0,23625.0,161.0,354.0,14455.0,0,26.0,85.0,801.0,14507.0,25388.0,46343.0,59154.0,78293.0,6958.0,6957.0,4173.0,4191.0,0,0,16912.0,18123.0,14267.0,14267.0,4527.0,4525.0,9832.0,11171.0,21200.0,23625.0,12524.0,12674.0,20240.0,20240.0,WOOL_net_receipts,-2425.0,0.0,mixed/small
108358878,1,Sarthak Sharma ,Mark #3,submission_loss,-15313.0,"[""FARMERS_MARKET"", ""PIZZA_SHOP""]",0.4534075104311544,0,0,108775.0,26970.0,0,0,4,8.0,6.0,3.0,11.0,3.0,7.0,33.0,29.0,84805.0,0.0,0.0,292.0,12002.0,517.0,84.0,3612.0,84.0,0,0,0,249.0,14941.0,249.0,72.0,14267.0,72.0,78.0,3595.0,78.0,245.0,9212.0,245.0,161.0,37852.0,161.0,342.0,13294.0,0,26.0,85.0,801.0,14564.0,27869.0,52855.0,66572.0,84805.0,142171.0,45053.0,0,0,4,8.0,12.0,3.0,13.0,4.0,7.0,33.0,29.0,100118.0,0.0,0.0,348.0,14063.0,543.0,84.0,3632.0,84.0,0,0,0,249.0,16908.0,249.0,72.0,14267.0,72.0,78.0,3598.0,78.0,245.0,10175.0,245.0,269.0,64157.0,269.0,451.0,15371.0,0,26.0,85.0,801.0,14578.0,20566.0,52657.0,77023.0,100118.0,6907.0,3401.0,3612.0,3632.0,0,0,14941.0,16908.0,14267.0,14267.0,3595.0,3598.0,9212.0,10175.0,37852.0,64157.0,11659.0,13621.0,20240.0,32641.0,WOOL_net_receipts,-26305.0,0.0,sheep-heavy
108363158,0,Sarthak Sharma ,Дворкин Евгений Владимирович,submission_tie,0.0,"[""YARN_STORE"", ""YARN_STORE""]",1.0,0,0,153142.0,28647.0,11,0,38,4.0,12.0,0,12.0,3.0,7.0,32.0,23.0,127495.0,0.0,0.0,320.0,12180.0,514.0,66.0,2669.0,66.0,0,0,0,228.0,20056.0,228.0,72.0,14267.0,72.0,0,0,0,114.0,19645.0,114.0,292.0,70752.0,292.0,311.0,13573.0,0,26.0,85.0,802.0,14700.0,28631.0,64998.0,94111.0,127495.0,153525.0,29030.0,11,0,38,4.0,12.0,0,12.0,3.0,7.0,32.0,23.0,127495.0,0.0,0.0,333.0,12563.0,514.0,66.0,2669.0,66.0,0,0,0,228.0,20056.0,228.0,72.0,14267.0,72.0,0,0,0,114.0,19645.0,114.0,292.0,70752.0,292.0,311.0,13573.0,0,26.0,85.0,802.0,14700.0,28631.0,64998.0,94111.0,127495.0,7520.0,7520.0,2669.0,2669.0,0,0,20056.0,20056.0,14267.0,14267.0,0,0,19645.0,19645.0,70752.0,70752.0,12601.0,12601.0,23015.0,23015.0,WHEAT_net_receipts,0.0,0.0,sheep-heavy
108365255,0,Sarthak Sharma ,JAZ COLD HORN,submission_loss,-17597.0,"[""BRUNCH_SPOT"", ""SMOOTHIE_SHOP""]",0.6369958275382476,0,0,128857.0,27059.0,0,0,4,8.0,6.0,3.0,11.0,3.0,7.0,33.0,29.0,104798.0,0.0,0.0,292.0,12450.0,517.0,84.0,3366.0,84.0,0,0,0,249.0,41509.0,249.0,72.0,14267.0,72.0,78.0,4253.0,78.0,245.0,33151.0,245.0,161.0,5509.0,161.0,342.0,14352.0,0,26.0,85.0,801.0,14539.0,26926.0,52780.0,81127.0,104798.0,155130.0,35735.0,0,0,4,8.0,6.0,3.0,14.0,4.0,9.0,33.0,29.0,122395.0,0.0,0.0,305.0,12844.0,517.0,84.0,3381.0,84.0,80.0,22035.0,80.0,249.0,43971.0,249.0,72.0,14267.0,72.0,78.0,4257.0,78.0,245.0,34304.0,245.0,161.0,5576.0,161.0,344.0,14495.0,0,26.0,85.0,801.0,14552.0,27313.0,48444.0,77109.0,122395.0,7421.0,7432.0,3366.0,3381.0,0,22035.0,41509.0,43971.0,14267.0,14267.0,4253.0,4257.0,33151.0,34304.0,5509.0,5576.0,12562.0,12606.0,20240.0,28434.0,TOMATO_net_receipts,-22035.0,0.0,mixed/small
108369989,1,Sarthak Sharma ,hatata,submission_win_control,1815.0,"[""SMOOTHIE_SHOP"", ""ICE_CREAM_SHOP""]",0.6884561891515995,0,0,127370.0,26977.0,0,0,4,8.0,6.0,3.0,11.0,3.0,7.0,33.0,29.0,103393.0,0.0,0.0,292.0,11415.0,517.0,84.0,4152.0,84.0,0,0,0,249.0,30600.0,249.0,72.0,14267.0,72.0,78.0,4227.0,78.0,245.0,40551.0,245.0,161.0,7549.0,161.0,342.0,14609.0,0,24.0,83.0,800.0,15343.0,32876.0,61803.0,83696.0,103393.0,133657.0,35079.0,0,0,16,8.0,9.0,0,13.0,4.0,10.0,33.0,29.0,101578.0,0.0,0.0,307.0,11972.0,527.0,84.0,4155.0,84.0,80.0,5364.0,80.0,249.0,30947.0,249.0,72.0,14267.0,72.0,0,0,0,245.0,41316.0,245.0,225.0,11110.0,225.0,348.0,14526.0,0,24.0,83.0,800.0,14949.0,31842.0,55777.0,77309.0,101578.0,6480.0,6871.0,4152.0,4155.0,0,5364.0,30600.0,30947.0,14267.0,14267.0,4227.0,0,40551.0,41316.0,7549.0,11110.0,12807.0,12362.0,20240.0,27814.0,TOMATO_net_receipts,-5364.0,0.0,mixed/small
108374134,1,Sarthak Sharma ,pumpkin,submission_tie,0.0,"[""PIZZA_SHOP"", ""FARMERS_MARKET""]",1.0,0,0,119620.0,27137.0,0,0,4,8.0,6.0,3.0,11.0,3.0,7.0,33.0,29.0,95483.0,0.0,0.0,292.0,12563.0,517.0,84.0,6211.0,84.0,0,0,0,249.0,49582.0,249.0,72.0,14267.0,72.0,78.0,3540.0,78.0,245.0,13519.0,245.0,161.0,5554.0,161.0,342.0,14384.0,0,26.0,85.0,801.0,14931.0,28164.0,51382.0,74597.0,95483.0,120003.0,27520.0,0,0,4,8.0,6.0,3.0,11.0,3.0,7.0,33.0,29.0,95483.0,0.0,0.0,305.0,12946.0,517.0,84.0,6211.0,84.0,0,0,0,249.0,49582.0,249.0,72.0,14267.0,72.0,78.0,3540.0,78.0,245.0,13519.0,245.0,161.0,5554.0,161.0,342.0,14384.0,0,26.0,85.0,801.0,14931.0,28164.0,51382.0,74597.0,95483.0,7446.0,7446.0,6211.0,6211.0,0,0,49582.0,49582.0,14267.0,14267.0,3540.0,3540.0,13519.0,13519.0,5554.0,5554.0,12604.0,12604.0,20240.0,20240.0,WHEAT_net_receipts,0.0,0.0,mixed/small
108374132,1,Sarthak Sharma ,Grim Reaper,submission_loss,-8033.0,"[""PIZZA_SHOP"", ""PIZZA_SHOP""]",0.20445062586926285,0,0,105223.0,27157.0,0,0,4,8.0,6.0,3.0,11.0,3.0,7.0,33.0,29.0,81066.0,0.0,0.0,292.0,12809.0,517.0,84.0,3773.0,84.0,0,0,0,249.0,21523.0,249.0,72.0,14267.0,72.0,78.0,4374.0,78.0,245.0,25194.0,245.0,161.0,8715.0,161.0,342.0,14568.0,0,27.0,85.0,801.0,15349.0,32978.0,57688.0,68500.0,81066.0,122925.0,36826.0,0,0,7,8.0,6.0,3.0,14.0,4.0,7.0,33.0,39.0,89099.0,1.0,0.0,286.0,12777.0,506.0,100.0,4447.0,100.0,74.0,22846.0,74.0,255.0,19031.0,255.0,72.0,14267.0,72.0,75.0,4246.0,75.0,246.0,24153.0,246.0,123.0,6879.0,123.0,343.0,14279.0,0,18.0,44.0,266.0,14758.0,31126.0,49060.0,56991.0,89099.0,7700.0,7991.0,3773.0,4447.0,0,22846.0,21523.0,19031.0,14267.0,14267.0,4374.0,4246.0,25194.0,24153.0,8715.0,6879.0,12760.0,12389.0,20240.0,30150.0,TOMATO_net_receipts,-22846.0,0.0,mixed/small
108378824,0,Sarthak Sharma ,e-toppo,submission_tie,0.0,"[""BAKERY"", ""SMOOTHIE_SHOP""]",1.0,0,0,100319.0,27049.0,0,0,4,8.0,6.0,3.0,11.0,3.0,7.0,33.0,29.0,76270.0,0.0,0.0,292.0,11800.0,517.0,84.0,3690.0,84.0,0,0,0,249.0,23586.0,249.0,72.0,14267.0,72.0,78.0,4886.0,78.0,245.0,9341.0,245.0,161.0,18365.0,161.0,342.0,14384.0,0,26.0,85.0,801.0,14550.0,26930.0,52703.0,64525.0,76270.0,100702.0,27432.0,0,0,4,8.0,6.0,3.0,11.0,3.0,7.0,33.0,29.0,76270.0,0.0,0.0,305.0,12183.0,517.0,84.0,3690.0,84.0,0,0,0,249.0,23586.0,249.0,72.0,14267.0,72.0,78.0,4886.0,78.0,245.0,9341.0,245.0,161.0,18365.0,161.0,342.0,14384.0,0,26.0,85.0,801.0,14550.0,26930.0,52703.0,64525.0,76270.0,6771.0,6771.0,3690.0,3690.0,0,0,23586.0,23586.0,14267.0,14267.0,4886.0,4886.0,9341.0,9341.0,18365.0,18365.0,12604.0,12604.0,20240.0,20240.0,WHEAT_net_receipts,0.0,0.0,mixed/small
108383012,1,Sarthak Sharma ,luxinyayaya,submission_tie,0.0,"[""YARN_STORE"", ""SMOOTHIE_SHOP""]",1.0,0,0,146000.0,27255.0,1,0,18,6.0,11.0,0,12.0,3.0,7.0,33.0,29.0,121745.0,0.0,0.0,267.0,8189.0,517.0,84.0,4184.0,84.0,0,0,0,249.0,17804.0,249.0,72.0,14267.0,72.0,0,0,0,190.0,30263.0,190.0,272.0,57635.0,272.0,336.0,13658.0,0,26.0,85.0,802.0,15807.0,33956.0,70872.0,97537.0,121745.0,146383.0,27638.0,1,0,18,6.0,11.0,0,12.0,3.0,7.0,33.0,29.0,121745.0,0.0,0.0,280.0,8572.0,517.0,84.0,4184.0,84.0,0,0,0,249.0,17804.0,249.0,72.0,14267.0,72.0,0,0,0,190.0,30263.0,190.0,272.0,57635.0,272.0,336.0,13658.0,0,26.0,85.0,802.0,15807.0,33956.0,70872.0,97537.0,121745.0,4403.0,4403.0,4184.0,4184.0,0,0,17804.0,17804.0,14267.0,14267.0,0,0,30263.0,30263.0,57635.0,57635.0,12612.0,12612.0,22423.0,22423.0,WHEAT_net_receipts,0.0,0.0,sheep-heavy
108385373,0,Sarthak Sharma ,Erfan Eshratifar,submission_loss,-5273.0,"[""BRUNCH_SPOT"", ""FARMERS_MARKET""]",0.7969401947148818,0,0,117232.0,27205.0,0,0,4,8.0,6.0,3.0,11.0,3.0,7.0,33.0,29.0,93027.0,0.0,0.0,292.0,12674.0,517.0,84.0,5543.0,84.0,0,0,0,249.0,53990.0,249.0,72.0,14267.0,72.0,78.0,4191.0,78.0,245.0,4643.0,245.0,161.0,7565.0,161.0,342.0,14359.0,0,22.0,81.0,797.0,13605.0,20921.0,45276.0,71551.0,93027.0,127661.0,32361.0,1,0,8,8.0,6.0,3.0,11.0,3.0,7.0,33.0,32.0,98300.0,0.0,0.0,463.0,18164.0,520.0,101.0,6696.0,101.0,0,0,0,249.0,54141.0,249.0,82.0,15362.0,82.0,84.0,4513.0,84.0,245.0,5128.0,245.0,161.0,9381.0,161.0,342.0,14276.0,0,26.0,85.0,800.0,12980.0,20426.0,45293.0,72867.0,98300.0,7502.0,8138.0,5543.0,6696.0,0,0,53990.0,54141.0,14267.0,15362.0,4191.0,4513.0,4643.0,5128.0,7565.0,9381.0,12566.0,12598.0,20240.0,20657.0,WOOL_net_receipts,-1816.0,0.0,mixed/small
108388132,0,Sarthak Sharma ,Дворкин Евгений Владимирович,submission_tie,0.0,"[""PIZZA_SHOP"", ""YARN_STORE""]",1.0,0,0,151914.0,27457.0,1,0,18,6.0,11.0,0,12.0,3.0,7.0,33.0,29.0,127457.0,0.0,0.0,267.0,10538.0,517.0,84.0,3947.0,84.0,0,0,0,249.0,12589.0,249.0,72.0,14267.0,72.0,0,0,0,191.0,39760.0,191.0,272.0,57075.0,272.0,337.0,13738.0,0,26.0,85.0,801.0,16333.0,36641.0,68821.0,97700.0,127457.0,152297.0,27840.0,1,0,18,6.0,11.0,0,12.0,3.0,7.0,33.0,29.0,127457.0,0.0,0.0,280.0,10921.0,517.0,84.0,3947.0,84.0,0,0,0,249.0,12589.0,249.0,72.0,14267.0,72.0,0,0,0,191.0,39760.0,191.0,272.0,57075.0,272.0,337.0,13738.0,0,26.0,85.0,801.0,16333.0,36641.0,68821.0,97700.0,127457.0,6559.0,6559.0,3947.0,3947.0,0,0,12589.0,12589.0,14267.0,14267.0,0,0,39760.0,39760.0,57075.0,57075.0,12609.0,12609.0,22349.0,22349.0,WHEAT_net_receipts,0.0,0.0,sheep-heavy
108390077,0,Sarthak Sharma ,Dmitry Larko,submission_win_control,375.0,"[""BRUNCH_SPOT"", ""FARMERS_MARKET""]",0.8901251738525731,0,0,128354.0,27164.0,0,0,4,8.0,6.0,3.0,11.0,3.0,7.0,33.0,29.0,104190.0,0.0,0.0,292.0,12557.0,517.0,84.0,5003.0,84.0,0,0,0,249.0,55486.0,249.0,72.0,14267.0,72.0,78.0,4377.0,78.0,245.0,4783.0,245.0,161.0,17420.0,161.0,342.0,14461.0,0,26.0,85.0,801.0,13654.0,21245.0,48204.0,77118.0,104190.0,128351.0,27536.0,0,0,8,8.0,6.0,3.0,11.0,3.0,7.0,33.0,29.0,103815.0,0.0,0.0,350.0,14975.0,517.0,83.0,4899.0,83.0,0,0,0,249.0,54913.0,249.0,72.0,14267.0,72.0,74.0,4148.0,74.0,186.0,4337.0,186.0,158.0,16491.0,158.0,345.0,14321.0,0,26.0,85.0,800.0,13451.0,20385.0,48080.0,77159.0,103815.0,7440.0,9474.0,5003.0,4899.0,0,0,55486.0,54913.0,14267.0,14267.0,4377.0,4148.0,4783.0,4337.0,17420.0,16491.0,12654.0,12526.0,20240.0,20240.0,WHEAT_net_receipts,-2034.0,0.0,mixed/small
108390972,0,Sarthak Sharma ,Stanislav Ilin,submission_loss,-7.0,"[""ICE_CREAM_SHOP"", ""BRUNCH_SPOT""]",0.9902642559109874,0,0,139584.0,27137.0,0,0,4,8.0,6.0,3.0,11.0,3.0,7.0,33.0,29.0,115447.0,0.0,0.0,292.0,12993.0,517.0,84.0,2875.0,84.0,0,0,0,249.0,51900.0,249.0,72.0,14267.0,72.0,78.0,4678.0,78.0,245.0,32933.0,245.0,161.0,5554.0,161.0,342.0,14384.0,0,26.0,85.0,801.0,15007.0,31528.0,59639.0,90383.0,115447.0,139974.0,27520.0,0,0,4,8.0,6.0,3.0,11.0,3.0,7.0,33.0,29.0,115454.0,0.0,0.0,305.0,13376.0,517.0,84.0,2875.0,84.0,0,0,0,249.0,51900.0,249.0,72.0,14267.0,72.0,78.0,4678.0,78.0,245.0,32933.0,245.0,161.0,5554.0,161.0,349.0,14391.0,0,26.0,85.0,801.0,15007.0,31528.0,59639.0,90383.0,115454.0,7876.0,7876.0,2875.0,2875.0,0,0,51900.0,51900.0,14267.0,14267.0,4678.0,4678.0,32933.0,32933.0,5554.0,5554.0,12604.0,12611.0,20240.0,20240.0,FERTILIZER_net_receipts,-7.0,0.0,mixed/small
108394092,0,Sarthak Sharma ,AdrianWang2003,submission_tie,0.0,"[""ICE_CREAM_SHOP"", ""BAKERY""]",1.0,0,0,119462.0,27116.0,0,0,4,8.0,6.0,3.0,11.0,3.0,7.0,33.0,29.0,95346.0,0.0,0.0,292.0,11683.0,517.0,84.0,4390.0,84.0,0,0,0,249.0,21455.0,249.0,72.0,14267.0,72.0,78.0,4132.0,78.0,245.0,12726.0,245.0,161.0,36425.0,161.0,342.0,14384.0,0,26.0,85.0,801.0,15014.0,30802.0,59362.0,75666.0,95346.0,119845.0,27499.0,0,0,4,8.0,6.0,3.0,11.0,3.0,7.0,33.0,29.0,95346.0,0.0,0.0,305.0,12066.0,517.0,84.0,4390.0,84.0,0,0,0,249.0,21455.0,249.0,72.0,14267.0,72.0,78.0,4132.0,78.0,245.0,12726.0,245.0,161.0,36425.0,161.0,342.0,14384.0,0,26.0,85.0,801.0,15014.0,30802.0,59362.0,75666.0,95346.0,6587.0,6587.0,4390.0,4390.0,0,0,21455.0,21455.0,14267.0,14267.0,4132.0,4132.0,12726.0,12726.0,36425.0,36425.0,12604.0,12604.0,20240.0,20240.0,WHEAT_net_receipts,0.0,0.0,mixed/small
108398443,0,Sarthak Sharma ,lime0001,submission_win_control,113.0,"[""BAKERY"", ""ICE_CREAM_SHOP""]",1.0,0,0,98392.0,27116.0,0,0,4,8.0,6.0,3.0,11.0,3.0,7.0,33.0,29.0,74276.0,0.0,0.0,292.0,12123.0,517.0,84.0,4184.0,84.0,0,0,0,249.0,13663.0,249.0,72.0,14267.0,72.0,78.0,4257.0,78.0,245.0,17149.0,245.0,161.0,18365.0,161.0,342.0,14384.0,0,26.0,85.0,801.0,14503.0,26858.0,46983.0,58589.0,74276.0,98662.0,27499.0,0,0,4,8.0,6.0,3.0,11.0,3.0,7.0,33.0,29.0,74163.0,0.0,0.0,305.0,12506.0,517.0,84.0,4184.0,84.0,0,0,0,249.0,13663.0,249.0,72.0,14267.0,72.0,78.0,4255.0,78.0,245.0,17032.0,245.0,161.0,18365.0,161.0,348.0,14390.0,0,26.0,85.0,801.0,14503.0,26858.0,46983.0,58589.0,74163.0,7027.0,7027.0,4184.0,4184.0,0,0,13663.0,13663.0,14267.0,14267.0,4257.0,4255.0,17149.0,17032.0,18365.0,18365.0,12604.0,12610.0,20240.0,20240.0,FERTILIZER_net_receipts,-6.0,0.0,mixed/small
